file,source_page,alt_text_guess,suggested_chapter
docs/manual/assets/ldo/LDOVoron2/Images/WiringGuide/RevC/Breakout_PCB_Review.jpg,https://raw.githubusercontent.com/MotorDynamicsLab/LDOVoron2/8270e8cf6c7ba29a7fd11d143c287bd3af576934/Images/WiringGuide/RevC/Breakout_PCB_Review.jpg,Breakout PCB Review,10-wiring.md
docs/manual/assets/ldo/LDOVoron2/Images/WiringGuide/RevC/KIAUH_install_opt.png,https://raw.githubusercontent.com/MotorDynamicsLab/LDOVoron2/8270e8cf6c7ba29a7fd11d143c287bd3af576934/Images/WiringGuide/RevC/KIAUH_install_opt.png,KIAUH install opt,10-wiring.md
docs/manual/assets/ldo/LDOVoron2/Images/WiringGuide/RevC/Neopixel_Connection.jpg,https://raw.githubusercontent.com/MotorDynamicsLab/LDOVoron2/8270e8cf6c7ba29a7fd11d143c287bd3af576934/Images/WiringGuide/RevC/Neopixel_Connection.jpg,Neopixel Connection,10-wiring.md
docs/manual/assets/ldo/LDOVoron2/Images/WiringGuide/RevC/Oct_Pwr_Loc.png,https://raw.githubusercontent.com/MotorDynamicsLab/LDOVoron2/8270e8cf6c7ba29a7fd11d143c287bd3af576934/Images/WiringGuide/RevC/Oct_Pwr_Loc.png,Oct Pwr Loc,10-wiring.md
docs/manual/assets/ldo/LDOVoron2/Images/WiringGuide/RevC/Octopus_Jumpers.jpg,https://raw.githubusercontent.com/MotorDynamicsLab/LDOVoron2/8270e8cf6c7ba29a7fd11d143c287bd3af576934/Images/WiringGuide/RevC/Octopus_Jumpers.jpg,Octopus Jumpers,10-wiring.md
docs/manual/assets/ldo/LDOVoron2/Images/WiringGuide/RevC/Octopus_Populated.jpg,https://raw.githubusercontent.com/MotorDynamicsLab/LDOVoron2/8270e8cf6c7ba29a7fd11d143c287bd3af576934/Images/WiringGuide/RevC/Octopus_Populated.jpg,Octopus Populated,10-wiring.md
docs/manual/assets/ldo/LDOVoron2/Images/WiringGuide/RevC/Octopus_Power_Board_Comparison.jpg,https://raw.githubusercontent.com/MotorDynamicsLab/LDOVoron2/8270e8cf6c7ba29a7fd11d143c287bd3af576934/Images/WiringGuide/RevC/Octopus_Power_Board_Comparison.jpg,Octopus Power Board Comparison,10-wiring.md
docs/manual/assets/ldo/LDOVoron2/Images/WiringGuide/RevC/Octopus_Pwr_Adapter_Location.svg,https://raw.githubusercontent.com/MotorDynamicsLab/LDOVoron2/8270e8cf6c7ba29a7fd11d143c287bd3af576934/Images/WiringGuide/RevC/Octopus_Pwr_Adapter_Location.svg,Octopus Pwr Adapter Location,10-wiring.md
docs/manual/assets/ldo/LDOVoron2/Images/WiringGuide/RevC/Octopus_Review.jpg,https://raw.githubusercontent.com/MotorDynamicsLab/LDOVoron2/8270e8cf6c7ba29a7fd11d143c287bd3af576934/Images/WiringGuide/RevC/Octopus_Review.jpg,Octopus Review,10-wiring.md
docs/manual/assets/ldo/LDOVoron2/Images/WiringGuide/RevC/Octopus_Unpopulated.jpg,https://raw.githubusercontent.com/MotorDynamicsLab/LDOVoron2/8270e8cf6c7ba29a7fd11d143c287bd3af576934/Images/WiringGuide/RevC/Octopus_Unpopulated.jpg,Octopus Unpopulated,10-wiring.md
docs/manual/assets/ldo/LDOVoron2/Images/WiringGuide/RevC/PCB_Fan_Splicer.jpg,https://raw.githubusercontent.com/MotorDynamicsLab/LDOVoron2/8270e8cf6c7ba29a7fd11d143c287bd3af576934/Images/WiringGuide/RevC/PCB_Fan_Splicer.jpg,PCB Fan Splicer,10-wiring.md
docs/manual/assets/ldo/LDOVoron2/Images/WiringGuide/RevC/PITFT43_FFC.jpg,https://raw.githubusercontent.com/MotorDynamicsLab/LDOVoron2/8270e8cf6c7ba29a7fd11d143c287bd3af576934/Images/WiringGuide/RevC/PITFT43_FFC.jpg,PITFT43 FFC,10-wiring.md
docs/manual/assets/ldo/LDOVoron2/Images/WiringGuide/RevC/Probe_Insulation.jpg,https://raw.githubusercontent.com/MotorDynamicsLab/LDOVoron2/8270e8cf6c7ba29a7fd11d143c287bd3af576934/Images/WiringGuide/RevC/Probe_Insulation.jpg,Probe Insulation,10-wiring.md
docs/manual/assets/ldo/LDOVoron2/Images/WiringGuide/RevC/RPI_DSI_FFC.jpg,https://raw.githubusercontent.com/MotorDynamicsLab/LDOVoron2/8270e8cf6c7ba29a7fd11d143c287bd3af576934/Images/WiringGuide/RevC/RPI_DSI_FFC.jpg,RPI DSI FFC,10-wiring.md
docs/manual/assets/ldo/LDOVoron2/Images/WiringGuide/RevC/RaspberryPi4_Prep.jpg,https://raw.githubusercontent.com/MotorDynamicsLab/LDOVoron2/8270e8cf6c7ba29a7fd11d143c287bd3af576934/Images/WiringGuide/RevC/RaspberryPi4_Prep.jpg,RaspberryPi4 Prep,10-wiring.md
docs/manual/assets/ldo/LDOVoron2/Images/WiringGuide/RevC/S01_DIN_Rails.jpg,https://raw.githubusercontent.com/MotorDynamicsLab/LDOVoron2/8270e8cf6c7ba29a7fd11d143c287bd3af576934/Images/WiringGuide/RevC/S01_DIN_Rails.jpg,S01 DIN Rails,10-wiring.md
docs/manual/assets/ldo/LDOVoron2/Images/WiringGuide/RevC/S02_General_Placement.jpg,https://raw.githubusercontent.com/MotorDynamicsLab/LDOVoron2/8270e8cf6c7ba29a7fd11d143c287bd3af576934/Images/WiringGuide/RevC/S02_General_Placement.jpg,S02 General Placement,10-wiring.md
docs/manual/assets/ldo/LDOVoron2/Images/WiringGuide/RevC/S03_Stepper_Motors.jpg,https://raw.githubusercontent.com/MotorDynamicsLab/LDOVoron2/8270e8cf6c7ba29a7fd11d143c287bd3af576934/Images/WiringGuide/RevC/S03_Stepper_Motors.jpg,S03 Stepper Motors,10-wiring.md
docs/manual/assets/ldo/LDOVoron2/Images/WiringGuide/RevC/S04_Inlet_PSU.jpg,https://raw.githubusercontent.com/MotorDynamicsLab/LDOVoron2/8270e8cf6c7ba29a7fd11d143c287bd3af576934/Images/WiringGuide/RevC/S04_Inlet_PSU.jpg,S04 Inlet PSU,10-wiring.md
docs/manual/assets/ldo/LDOVoron2/Images/WiringGuide/RevC/S05_Bed_24V.jpg,https://raw.githubusercontent.com/MotorDynamicsLab/LDOVoron2/8270e8cf6c7ba29a7fd11d143c287bd3af576934/Images/WiringGuide/RevC/S05_Bed_24V.jpg,S05 Bed 24V,10-wiring.md
docs/manual/assets/ldo/LDOVoron2/Images/WiringGuide/RevC/S06_Nozzle_Probe.jpg,https://raw.githubusercontent.com/MotorDynamicsLab/LDOVoron2/8270e8cf6c7ba29a7fd11d143c287bd3af576934/Images/WiringGuide/RevC/S06_Nozzle_Probe.jpg,S06 Nozzle Probe,10-wiring.md
docs/manual/assets/ldo/LDOVoron2/Images/WiringGuide/RevC/S07_Toolhead_Cables.jpg,https://raw.githubusercontent.com/MotorDynamicsLab/LDOVoron2/8270e8cf6c7ba29a7fd11d143c287bd3af576934/Images/WiringGuide/RevC/S07_Toolhead_Cables.jpg,S07 Toolhead Cables,10-wiring.md
docs/manual/assets/ldo/LDOVoron2/Images/WiringGuide/RevC/S08_Breakout_1.jpg,https://raw.githubusercontent.com/MotorDynamicsLab/LDOVoron2/8270e8cf6c7ba29a7fd11d143c287bd3af576934/Images/WiringGuide/RevC/S08_Breakout_1.jpg,S08 Breakout 1,10-wiring.md
docs/manual/assets/ldo/LDOVoron2/Images/WiringGuide/RevC/S09_Breakout_2.jpg,https://raw.githubusercontent.com/MotorDynamicsLab/LDOVoron2/8270e8cf6c7ba29a7fd11d143c287bd3af576934/Images/WiringGuide/RevC/S09_Breakout_2.jpg,S09 Breakout 2,10-wiring.md
docs/manual/assets/ldo/LDOVoron2/Images/WiringGuide/RevC/S10_RPI_Connections.jpg,https://raw.githubusercontent.com/MotorDynamicsLab/LDOVoron2/8270e8cf6c7ba29a7fd11d143c287bd3af576934/Images/WiringGuide/RevC/S10_RPI_Connections.jpg,S10 RPI Connections,10-wiring.md
docs/manual/assets/ldo/LDOVoron2/Images/WiringGuide/RevC/S11_Eth_DSI.jpg,https://raw.githubusercontent.com/MotorDynamicsLab/LDOVoron2/8270e8cf6c7ba29a7fd11d143c287bd3af576934/Images/WiringGuide/RevC/S11_Eth_DSI.jpg,S11 Eth DSI,10-wiring.md
docs/manual/assets/ldo/LDOVoron2/Images/WiringGuide/RevC/S12_Final.jpg,https://raw.githubusercontent.com/MotorDynamicsLab/LDOVoron2/8270e8cf6c7ba29a7fd11d143c287bd3af576934/Images/WiringGuide/RevC/S12_Final.jpg,S12 Final,10-wiring.md
docs/manual/assets/ldo/LDOVoron2/Images/WiringGuide/RevC/SSR_Close_Up.jpg,https://raw.githubusercontent.com/MotorDynamicsLab/LDOVoron2/8270e8cf6c7ba29a7fd11d143c287bd3af576934/Images/WiringGuide/RevC/SSR_Close_Up.jpg,SSR Close Up,10-wiring.md
docs/manual/assets/ldo/LDOVoron2/Images/WiringGuide/RevC/Waveshare_TFT_FFC.jpg,https://raw.githubusercontent.com/MotorDynamicsLab/LDOVoron2/8270e8cf6c7ba29a7fd11d143c287bd3af576934/Images/WiringGuide/RevC/Waveshare_TFT_FFC.jpg,Waveshare TFT FFC,10-wiring.md
docs/manual/assets/ldo/LDOVoron2/Images/WiringGuide/RevC/bed_heater_wires.png,https://raw.githubusercontent.com/MotorDynamicsLab/LDOVoron2/8270e8cf6c7ba29a7fd11d143c287bd3af576934/Images/WiringGuide/RevC/bed_heater_wires.png,bed heater wires,10-wiring.md
docs/manual/assets/ldo/LDOVoron2/Images/WiringGuide/RevC/bed_heater_wires.svg,https://raw.githubusercontent.com/MotorDynamicsLab/LDOVoron2/8270e8cf6c7ba29a7fd11d143c287bd3af576934/Images/WiringGuide/RevC/bed_heater_wires.svg,bed heater wires,10-wiring.md
docs/manual/assets/ldo/LDOVoron2/Images/WiringGuide/RevC/bed_wago_mount.jpg,https://raw.githubusercontent.com/MotorDynamicsLab/LDOVoron2/8270e8cf6c7ba29a7fd11d143c287bd3af576934/Images/WiringGuide/RevC/bed_wago_mount.jpg,bed wago mount,10-wiring.md
docs/manual/assets/ldo/LDOVoron2/Images/WiringGuide/RevC/build_plate_bottom_view.jpg,https://raw.githubusercontent.com/MotorDynamicsLab/LDOVoron2/8270e8cf6c7ba29a7fd11d143c287bd3af576934/Images/WiringGuide/RevC/build_plate_bottom_view.jpg,build plate bottom view,10-wiring.md
docs/manual/assets/ldo/LDOVoron2/Images/WiringGuide/RevC/build_plate_mapping.png,https://raw.githubusercontent.com/MotorDynamicsLab/LDOVoron2/8270e8cf6c7ba29a7fd11d143c287bd3af576934/Images/WiringGuide/RevC/build_plate_mapping.png,build plate mapping,10-wiring.md
docs/manual/assets/ldo/LDOVoron2/Images/WiringGuide/RevC/build_plate_mapping.svg,https://raw.githubusercontent.com/MotorDynamicsLab/LDOVoron2/8270e8cf6c7ba29a7fd11d143c287bd3af576934/Images/WiringGuide/RevC/build_plate_mapping.svg,build plate mapping,10-wiring.md
docs/manual/assets/ldo/LDOVoron2/Images/WiringGuide/RevC/build_plate_mapping_zoomed.png,https://raw.githubusercontent.com/MotorDynamicsLab/LDOVoron2/8270e8cf6c7ba29a7fd11d143c287bd3af576934/Images/WiringGuide/RevC/build_plate_mapping_zoomed.png,build plate mapping zoomed,10-wiring.md
docs/manual/assets/ldo/LDOVoron2/Images/WiringGuide/RevC/build_plate_mapping_zoomed.svg,https://raw.githubusercontent.com/MotorDynamicsLab/LDOVoron2/8270e8cf6c7ba29a7fd11d143c287bd3af576934/Images/WiringGuide/RevC/build_plate_mapping_zoomed.svg,build plate mapping zoomed,10-wiring.md
docs/manual/assets/ldo/LDOVoron2/Images/WiringGuide/RevC/deck_panel_top_view.jpg,https://raw.githubusercontent.com/MotorDynamicsLab/LDOVoron2/8270e8cf6c7ba29a7fd11d143c287bd3af576934/Images/WiringGuide/RevC/deck_panel_top_view.jpg,deck panel top view,10-wiring.md
docs/manual/assets/ldo/LDOVoron2/Images/WiringGuide/RevC/nozzle_probe_hole_view.jpg,https://raw.githubusercontent.com/MotorDynamicsLab/LDOVoron2/8270e8cf6c7ba29a7fd11d143c287bd3af576934/Images/WiringGuide/RevC/nozzle_probe_hole_view.jpg,nozzle probe hole view,10-wiring.md
docs/manual/assets/ldo/LDOVoron2/Images/WiringGuide/RevC/nozzle_probe_parts.jpg,https://raw.githubusercontent.com/MotorDynamicsLab/LDOVoron2/8270e8cf6c7ba29a7fd11d143c287bd3af576934/Images/WiringGuide/RevC/nozzle_probe_parts.jpg,nozzle probe parts,10-wiring.md
docs/manual/assets/ldo/LDOVoron2/Images/WiringGuide/RevC/s03_mapping.png,https://raw.githubusercontent.com/MotorDynamicsLab/LDOVoron2/8270e8cf6c7ba29a7fd11d143c287bd3af576934/Images/WiringGuide/RevC/s03_mapping.png,s03 mapping,10-wiring.md
docs/manual/assets/ldo/LDOVoron2/Images/WiringGuide/RevC/s03_mapping.svg,https://raw.githubusercontent.com/MotorDynamicsLab/LDOVoron2/8270e8cf6c7ba29a7fd11d143c287bd3af576934/Images/WiringGuide/RevC/s03_mapping.svg,s03 mapping,10-wiring.md
docs/manual/assets/ldo/LDOVoron2/Images/WiringGuide/RevC/s04_mapping.png,https://raw.githubusercontent.com/MotorDynamicsLab/LDOVoron2/8270e8cf6c7ba29a7fd11d143c287bd3af576934/Images/WiringGuide/RevC/s04_mapping.png,s04 mapping,10-wiring.md
docs/manual/assets/ldo/LDOVoron2/Images/WiringGuide/RevC/s04_mapping.svg,https://raw.githubusercontent.com/MotorDynamicsLab/LDOVoron2/8270e8cf6c7ba29a7fd11d143c287bd3af576934/Images/WiringGuide/RevC/s04_mapping.svg,s04 mapping,10-wiring.md
docs/manual/assets/ldo/LDOVoron2/Images/WiringGuide/RevC/s05_mapping.png,https://raw.githubusercontent.com/MotorDynamicsLab/LDOVoron2/8270e8cf6c7ba29a7fd11d143c287bd3af576934/Images/WiringGuide/RevC/s05_mapping.png,s05 mapping,10-wiring.md
docs/manual/assets/ldo/LDOVoron2/Images/WiringGuide/RevC/s05_mapping.svg,https://raw.githubusercontent.com/MotorDynamicsLab/LDOVoron2/8270e8cf6c7ba29a7fd11d143c287bd3af576934/Images/WiringGuide/RevC/s05_mapping.svg,s05 mapping,10-wiring.md
docs/manual/assets/ldo/LDOVoron2/Images/WiringGuide/RevC/s06_mapping.png,https://raw.githubusercontent.com/MotorDynamicsLab/LDOVoron2/8270e8cf6c7ba29a7fd11d143c287bd3af576934/Images/WiringGuide/RevC/s06_mapping.png,s06 mapping,10-wiring.md
docs/manual/assets/ldo/LDOVoron2/Images/WiringGuide/RevC/s06_mapping.svg,https://raw.githubusercontent.com/MotorDynamicsLab/LDOVoron2/8270e8cf6c7ba29a7fd11d143c287bd3af576934/Images/WiringGuide/RevC/s06_mapping.svg,s06 mapping,10-wiring.md
docs/manual/assets/ldo/LDOVoron2/Images/WiringGuide/RevC/s07_mapping.png,https://raw.githubusercontent.com/MotorDynamicsLab/LDOVoron2/8270e8cf6c7ba29a7fd11d143c287bd3af576934/Images/WiringGuide/RevC/s07_mapping.png,s07 mapping,10-wiring.md
docs/manual/assets/ldo/LDOVoron2/Images/WiringGuide/RevC/s07_mapping.svg,https://raw.githubusercontent.com/MotorDynamicsLab/LDOVoron2/8270e8cf6c7ba29a7fd11d143c287bd3af576934/Images/WiringGuide/RevC/s07_mapping.svg,s07 mapping,10-wiring.md
docs/manual/assets/ldo/LDOVoron2/Images/WiringGuide/RevC/s08_mapping.png,https://raw.githubusercontent.com/MotorDynamicsLab/LDOVoron2/8270e8cf6c7ba29a7fd11d143c287bd3af576934/Images/WiringGuide/RevC/s08_mapping.png,s08 mapping,10-wiring.md
docs/manual/assets/ldo/LDOVoron2/Images/WiringGuide/RevC/s08_mapping.svg,https://raw.githubusercontent.com/MotorDynamicsLab/LDOVoron2/8270e8cf6c7ba29a7fd11d143c287bd3af576934/Images/WiringGuide/RevC/s08_mapping.svg,s08 mapping,10-wiring.md
docs/manual/assets/ldo/LDOVoron2/Images/WiringGuide/RevC/s09_mapping.png,https://raw.githubusercontent.com/MotorDynamicsLab/LDOVoron2/8270e8cf6c7ba29a7fd11d143c287bd3af576934/Images/WiringGuide/RevC/s09_mapping.png,s09 mapping,10-wiring.md
docs/manual/assets/ldo/LDOVoron2/Images/WiringGuide/RevC/s09_mapping.svg,https://raw.githubusercontent.com/MotorDynamicsLab/LDOVoron2/8270e8cf6c7ba29a7fd11d143c287bd3af576934/Images/WiringGuide/RevC/s09_mapping.svg,s09 mapping,10-wiring.md
docs/manual/assets/ldo/LDOVoron2/Images/WiringGuide/RevC/s10_mapping.png,https://raw.githubusercontent.com/MotorDynamicsLab/LDOVoron2/8270e8cf6c7ba29a7fd11d143c287bd3af576934/Images/WiringGuide/RevC/s10_mapping.png,s10 mapping,10-wiring.md
docs/manual/assets/ldo/LDOVoron2/Images/WiringGuide/RevC/s10_mapping.svg,https://raw.githubusercontent.com/MotorDynamicsLab/LDOVoron2/8270e8cf6c7ba29a7fd11d143c287bd3af576934/Images/WiringGuide/RevC/s10_mapping.svg,s10 mapping,10-wiring.md
docs/manual/assets/ldo/LDOVoron2/Images/WiringGuide/RevC/s11_mapping.png,https://raw.githubusercontent.com/MotorDynamicsLab/LDOVoron2/8270e8cf6c7ba29a7fd11d143c287bd3af576934/Images/WiringGuide/RevC/s11_mapping.png,s11 mapping,10-wiring.md
docs/manual/assets/ldo/LDOVoron2/Images/WiringGuide/RevC/s11_mapping.svg,https://raw.githubusercontent.com/MotorDynamicsLab/LDOVoron2/8270e8cf6c7ba29a7fd11d143c287bd3af576934/Images/WiringGuide/RevC/s11_mapping.svg,s11 mapping,10-wiring.md
docs/manual/assets/ldo/LDOVoron2/Images/WiringGuide/RevC/sb_fan_adapter_mapping.png,https://raw.githubusercontent.com/MotorDynamicsLab/LDOVoron2/8270e8cf6c7ba29a7fd11d143c287bd3af576934/Images/WiringGuide/RevC/sb_fan_adapter_mapping.png,sb fan adapter mapping,10-wiring.md
docs/manual/assets/ldo/LDOVoron2/Images/WiringGuide/RevC/sb_fan_adapter_mapping.svg,https://raw.githubusercontent.com/MotorDynamicsLab/LDOVoron2/8270e8cf6c7ba29a7fd11d143c287bd3af576934/Images/WiringGuide/RevC/sb_fan_adapter_mapping.svg,sb fan adapter mapping,10-wiring.md
docs/manual/assets/ldo/LDOVoron2/Images/WiringGuide/RevC/sb_pcb_mapping.png,https://raw.githubusercontent.com/MotorDynamicsLab/LDOVoron2/8270e8cf6c7ba29a7fd11d143c287bd3af576934/Images/WiringGuide/RevC/sb_pcb_mapping.png,sb pcb mapping,10-wiring.md
docs/manual/assets/ldo/LDOVoron2/Images/WiringGuide/RevC/sb_pcb_mapping.svg,https://raw.githubusercontent.com/MotorDynamicsLab/LDOVoron2/8270e8cf6c7ba29a7fd11d143c287bd3af576934/Images/WiringGuide/RevC/sb_pcb_mapping.svg,sb pcb mapping,10-wiring.md
docs/manual/assets/ldo/LDOVoron2/Images/WiringGuide/RevD/S0General_Placement.jpg,https://raw.githubusercontent.com/MotorDynamicsLab/LDOVoron2/8270e8cf6c7ba29a7fd11d143c287bd3af576934/Images/WiringGuide/RevD/S0General_Placement.jpg,S0General Placement,10-wiring.md
docs/manual/assets/ldo/LDOVoron2/Images/WiringGuide/RevD/S0_Din_Raill.jpg,https://raw.githubusercontent.com/MotorDynamicsLab/LDOVoron2/8270e8cf6c7ba29a7fd11d143c287bd3af576934/Images/WiringGuide/RevD/S0_Din_Raill.jpg,S0 Din Raill,10-wiring.md
docs/manual/assets/ldo/LDOVoron2/Images/WiringGuide/RevD/S1_mapping.jpg,https://raw.githubusercontent.com/MotorDynamicsLab/LDOVoron2/8270e8cf6c7ba29a7fd11d143c287bd3af576934/Images/WiringGuide/RevD/S1_mapping.jpg,S1 mapping,10-wiring.md
docs/manual/assets/ldo/LDOVoron2/Images/WiringGuide/RevD/S1_steppers.jpg,https://raw.githubusercontent.com/MotorDynamicsLab/LDOVoron2/8270e8cf6c7ba29a7fd11d143c287bd3af576934/Images/WiringGuide/RevD/S1_steppers.jpg,S1 steppers,10-wiring.md
docs/manual/assets/ldo/LDOVoron2/Images/WiringGuide/RevD/S2_inlet.jpg,https://raw.githubusercontent.com/MotorDynamicsLab/LDOVoron2/8270e8cf6c7ba29a7fd11d143c287bd3af576934/Images/WiringGuide/RevD/S2_inlet.jpg,S2 inlet,10-wiring.md
docs/manual/assets/ldo/LDOVoron2/Images/WiringGuide/RevD/S2_mapping.jpg,https://raw.githubusercontent.com/MotorDynamicsLab/LDOVoron2/8270e8cf6c7ba29a7fd11d143c287bd3af576934/Images/WiringGuide/RevD/S2_mapping.jpg,S2 mapping,10-wiring.md
docs/manual/assets/ldo/LDOVoron2/Images/WiringGuide/RevD/S3_mapping.jpg,https://raw.githubusercontent.com/MotorDynamicsLab/LDOVoron2/8270e8cf6c7ba29a7fd11d143c287bd3af576934/Images/WiringGuide/RevD/S3_mapping.jpg,S3 mapping,10-wiring.md
docs/manual/assets/ldo/LDOVoron2/Images/WiringGuide/RevD/S3_wago_PSU.jpg,https://raw.githubusercontent.com/MotorDynamicsLab/LDOVoron2/8270e8cf6c7ba29a7fd11d143c287bd3af576934/Images/WiringGuide/RevD/S3_wago_PSU.jpg,S3 wago PSU,10-wiring.md
docs/manual/assets/ldo/LDOVoron2/Images/WiringGuide/RevD/S4_MB_PSU.jpg,https://raw.githubusercontent.com/MotorDynamicsLab/LDOVoron2/8270e8cf6c7ba29a7fd11d143c287bd3af576934/Images/WiringGuide/RevD/S4_MB_PSU.jpg,S4 MB PSU,10-wiring.md
docs/manual/assets/ldo/LDOVoron2/Images/WiringGuide/RevD/S4_mapping.jpg,https://raw.githubusercontent.com/MotorDynamicsLab/LDOVoron2/8270e8cf6c7ba29a7fd11d143c287bd3af576934/Images/WiringGuide/RevD/S4_mapping.jpg,S4 mapping,10-wiring.md
docs/manual/assets/ldo/LDOVoron2/Images/WiringGuide/RevD/S5_bed.jpg,https://raw.githubusercontent.com/MotorDynamicsLab/LDOVoron2/8270e8cf6c7ba29a7fd11d143c287bd3af576934/Images/WiringGuide/RevD/S5_bed.jpg,S5 bed,10-wiring.md
docs/manual/assets/ldo/LDOVoron2/Images/WiringGuide/RevD/S5_mapping.jpg,https://raw.githubusercontent.com/MotorDynamicsLab/LDOVoron2/8270e8cf6c7ba29a7fd11d143c287bd3af576934/Images/WiringGuide/RevD/S5_mapping.jpg,S5 mapping,10-wiring.md
docs/manual/assets/ldo/LDOVoron2/Images/WiringGuide/RevD/S6_Endstop.jpg,https://raw.githubusercontent.com/MotorDynamicsLab/LDOVoron2/8270e8cf6c7ba29a7fd11d143c287bd3af576934/Images/WiringGuide/RevD/S6_Endstop.jpg,S6 Endstop,10-wiring.md
docs/manual/assets/ldo/LDOVoron2/Images/WiringGuide/RevD/S6_mapping.jpg,https://raw.githubusercontent.com/MotorDynamicsLab/LDOVoron2/8270e8cf6c7ba29a7fd11d143c287bd3af576934/Images/WiringGuide/RevD/S6_mapping.jpg,S6 mapping,10-wiring.md
docs/manual/assets/ldo/LDOVoron2/Images/WiringGuide/RevD/S7_fan.jpg,https://raw.githubusercontent.com/MotorDynamicsLab/LDOVoron2/8270e8cf6c7ba29a7fd11d143c287bd3af576934/Images/WiringGuide/RevD/S7_fan.jpg,S7 fan,10-wiring.md
docs/manual/assets/ldo/LDOVoron2/Images/WiringGuide/RevD/S7_mapping.jpg,https://raw.githubusercontent.com/MotorDynamicsLab/LDOVoron2/8270e8cf6c7ba29a7fd11d143c287bd3af576934/Images/WiringGuide/RevD/S7_mapping.jpg,S7 mapping,10-wiring.md
docs/manual/assets/ldo/LDOVoron2/Images/WiringGuide/RevD/VS8_Misc.jpg,https://raw.githubusercontent.com/MotorDynamicsLab/LDOVoron2/8270e8cf6c7ba29a7fd11d143c287bd3af576934/Images/WiringGuide/RevD/VS8_Misc.jpg,VS8 Misc,10-wiring.md
docs/manual/assets/ldo/LDOVoron2/Images/WiringGuide/RevD/VS8_mapping.jpg,https://raw.githubusercontent.com/MotorDynamicsLab/LDOVoron2/8270e8cf6c7ba29a7fd11d143c287bd3af576934/Images/WiringGuide/RevD/VS8_mapping.jpg,VS8 mapping,10-wiring.md
docs/manual/assets/ldo/LDOVoron2/Images/WiringGuide/RevD/VS9_Final.jpg,https://raw.githubusercontent.com/MotorDynamicsLab/LDOVoron2/8270e8cf6c7ba29a7fd11d143c287bd3af576934/Images/WiringGuide/RevD/VS9_Final.jpg,VS9 Final,10-wiring.md
docs/manual/assets/ldo/LDOVoron2/Images/WiringGuide/RevD/fluidd_devices.png,https://raw.githubusercontent.com/MotorDynamicsLab/LDOVoron2/8270e8cf6c7ba29a7fd11d143c287bd3af576934/Images/WiringGuide/RevD/fluidd_devices.png,fluidd devices,10-wiring.md
docs/manual/assets/ldo/LDOVoron2/Images/WiringGuide/RevD/fluidd_system.png,https://raw.githubusercontent.com/MotorDynamicsLab/LDOVoron2/8270e8cf6c7ba29a7fd11d143c287bd3af576934/Images/WiringGuide/RevD/fluidd_system.png,fluidd system,10-wiring.md
docs/manual/assets/ldo/LDOVoron2/Images/WiringGuide/RevD/mainsail_cfg_devices.png,https://raw.githubusercontent.com/MotorDynamicsLab/LDOVoron2/8270e8cf6c7ba29a7fd11d143c287bd3af576934/Images/WiringGuide/RevD/mainsail_cfg_devices.png,mainsail cfg devices,10-wiring.md
docs/manual/assets/ldo/LDOVoron2/Images/WiringGuide/RevD/mainsail_devices.png,https://raw.githubusercontent.com/MotorDynamicsLab/LDOVoron2/8270e8cf6c7ba29a7fd11d143c287bd3af576934/Images/WiringGuide/RevD/mainsail_devices.png,mainsail devices,10-wiring.md
docs/manual/assets/ldo/LDOVoron2/Images/WiringGuide/RevD/mainsail_machine.png,https://raw.githubusercontent.com/MotorDynamicsLab/LDOVoron2/8270e8cf6c7ba29a7fd11d143c287bd3af576934/Images/WiringGuide/RevD/mainsail_machine.png,mainsail machine,10-wiring.md
docs/manual/assets/ldo/LDOVoron2/Images/WiringGuide/RevD/serial_by_id_output.png,https://raw.githubusercontent.com/MotorDynamicsLab/LDOVoron2/8270e8cf6c7ba29a7fd11d143c287bd3af576934/Images/WiringGuide/RevD/serial_by_id_output.png,serial by id output,10-wiring.md
docs/manual/assets/ldo/LDOVoron2/Images/WiringGuide/S01_DIN_Rails.jpg,https://raw.githubusercontent.com/MotorDynamicsLab/LDOVoron2/8270e8cf6c7ba29a7fd11d143c287bd3af576934/Images/WiringGuide/S01_DIN_Rails.jpg,S01 DIN Rails,10-wiring.md
docs/manual/assets/ldo/LDOVoron2/Images/WiringGuide/S02_General_Placement.jpg,https://raw.githubusercontent.com/MotorDynamicsLab/LDOVoron2/8270e8cf6c7ba29a7fd11d143c287bd3af576934/Images/WiringGuide/S02_General_Placement.jpg,S02 General Placement,10-wiring.md
docs/manual/assets/ldo/LDOVoron2/Images/WiringGuide/ab_pcb_mapping.png,https://raw.githubusercontent.com/MotorDynamicsLab/LDOVoron2/8270e8cf6c7ba29a7fd11d143c287bd3af576934/Images/WiringGuide/ab_pcb_mapping.png,ab pcb mapping,10-wiring.md
docs/manual/assets/ldo/LDOVoron2/Images/WiringGuide/ab_pcb_mapping.svg,https://raw.githubusercontent.com/MotorDynamicsLab/LDOVoron2/8270e8cf6c7ba29a7fd11d143c287bd3af576934/Images/WiringGuide/ab_pcb_mapping.svg,ab pcb mapping,10-wiring.md
docs/manual/assets/ldo/LDOVoron2/Images/WiringGuide/end_final.jpg,https://raw.githubusercontent.com/MotorDynamicsLab/LDOVoron2/8270e8cf6c7ba29a7fd11d143c287bd3af576934/Images/WiringGuide/end_final.jpg,end final,10-wiring.md
docs/manual/assets/ldo/LDOVoron2/Images/WiringGuide/front_din_spacing.jpg,https://raw.githubusercontent.com/MotorDynamicsLab/LDOVoron2/8270e8cf6c7ba29a7fd11d143c287bd3af576934/Images/WiringGuide/front_din_spacing.jpg,front din spacing,10-wiring.md
docs/manual/assets/ldo/LDOVoron2/Images/WiringGuide/led_cover_wiring_alt.jpg,https://raw.githubusercontent.com/MotorDynamicsLab/LDOVoron2/8270e8cf6c7ba29a7fd11d143c287bd3af576934/Images/WiringGuide/led_cover_wiring_alt.jpg,led cover wiring alt,10-wiring.md
docs/manual/assets/ldo/LDOVoron2/Images/WiringGuide/led_extrusion_cover.jpg,https://raw.githubusercontent.com/MotorDynamicsLab/LDOVoron2/8270e8cf6c7ba29a7fd11d143c287bd3af576934/Images/WiringGuide/led_extrusion_cover.jpg,led extrusion cover,10-wiring.md
docs/manual/assets/ldo/LDOVoron2/Images/WiringGuide/led_final.jpg,https://raw.githubusercontent.com/MotorDynamicsLab/LDOVoron2/8270e8cf6c7ba29a7fd11d143c287bd3af576934/Images/WiringGuide/led_final.jpg,led final,10-wiring.md
docs/manual/assets/ldo/LDOVoron2/Images/WiringGuide/led_route.png,https://raw.githubusercontent.com/MotorDynamicsLab/LDOVoron2/8270e8cf6c7ba29a7fd11d143c287bd3af576934/Images/WiringGuide/led_route.png,led route,10-wiring.md
docs/manual/assets/ldo/LDOVoron2/Images/WiringGuide/led_route.svg,https://raw.githubusercontent.com/MotorDynamicsLab/LDOVoron2/8270e8cf6c7ba29a7fd11d143c287bd3af576934/Images/WiringGuide/led_route.svg,led route,10-wiring.md
docs/manual/assets/ldo/LDOVoron2/Images/WiringGuide/led_splitter_placement.jpg,https://raw.githubusercontent.com/MotorDynamicsLab/LDOVoron2/8270e8cf6c7ba29a7fd11d143c287bd3af576934/Images/WiringGuide/led_splitter_placement.jpg,led splitter placement,10-wiring.md
docs/manual/assets/ldo/LDOVoron2/Images/WiringGuide/nevermore_base_placement.jpg,https://raw.githubusercontent.com/MotorDynamicsLab/LDOVoron2/8270e8cf6c7ba29a7fd11d143c287bd3af576934/Images/WiringGuide/nevermore_base_placement.jpg,nevermore base placement,10-wiring.md
docs/manual/assets/ldo/LDOVoron2/Images/WiringGuide/octopus_connections_final.jpg,https://raw.githubusercontent.com/MotorDynamicsLab/LDOVoron2/8270e8cf6c7ba29a7fd11d143c287bd3af576934/Images/WiringGuide/octopus_connections_final.jpg,octopus connections final,10-wiring.md
docs/manual/assets/ldo/LDOVoron2/Images/WiringGuide/octopus_prep.jpg,https://raw.githubusercontent.com/MotorDynamicsLab/LDOVoron2/8270e8cf6c7ba29a7fd11d143c287bd3af576934/Images/WiringGuide/octopus_prep.jpg,octopus prep,10-wiring.md
docs/manual/assets/ldo/LDOVoron2/Images/WiringGuide/octopus_pwr_connections.jpg,https://raw.githubusercontent.com/MotorDynamicsLab/LDOVoron2/8270e8cf6c7ba29a7fd11d143c287bd3af576934/Images/WiringGuide/octopus_pwr_connections.jpg,octopus pwr connections,10-wiring.md
docs/manual/assets/ldo/LDOVoron2/Images/WiringGuide/psu_switch.jpg,https://raw.githubusercontent.com/MotorDynamicsLab/LDOVoron2/8270e8cf6c7ba29a7fd11d143c287bd3af576934/Images/WiringGuide/psu_switch.jpg,psu switch,10-wiring.md
docs/manual/assets/ldo/LDOVoron2/Images/WiringGuide/s03_wire_ducts.jpg,https://raw.githubusercontent.com/MotorDynamicsLab/LDOVoron2/8270e8cf6c7ba29a7fd11d143c287bd3af576934/Images/WiringGuide/s03_wire_ducts.jpg,s03 wire ducts,10-wiring.md
docs/manual/assets/ldo/LDOVoron2/Images/WiringGuide/s04_mapping.png,https://raw.githubusercontent.com/MotorDynamicsLab/LDOVoron2/8270e8cf6c7ba29a7fd11d143c287bd3af576934/Images/WiringGuide/s04_mapping.png,s04 mapping,10-wiring.md
docs/manual/assets/ldo/LDOVoron2/Images/WiringGuide/s04_mapping.svg,https://raw.githubusercontent.com/MotorDynamicsLab/LDOVoron2/8270e8cf6c7ba29a7fd11d143c287bd3af576934/Images/WiringGuide/s04_mapping.svg,s04 mapping,10-wiring.md
docs/manual/assets/ldo/LDOVoron2/Images/WiringGuide/s04_steppers.jpg,https://raw.githubusercontent.com/MotorDynamicsLab/LDOVoron2/8270e8cf6c7ba29a7fd11d143c287bd3af576934/Images/WiringGuide/s04_steppers.jpg,s04 steppers,10-wiring.md
docs/manual/assets/ldo/LDOVoron2/Images/WiringGuide/s05_inlet.jpg,https://raw.githubusercontent.com/MotorDynamicsLab/LDOVoron2/8270e8cf6c7ba29a7fd11d143c287bd3af576934/Images/WiringGuide/s05_inlet.jpg,s05 inlet,10-wiring.md
docs/manual/assets/ldo/LDOVoron2/Images/WiringGuide/s06_mapping.png,https://raw.githubusercontent.com/MotorDynamicsLab/LDOVoron2/8270e8cf6c7ba29a7fd11d143c287bd3af576934/Images/WiringGuide/s06_mapping.png,s06 mapping,10-wiring.md
docs/manual/assets/ldo/LDOVoron2/Images/WiringGuide/s06_mapping.svg,https://raw.githubusercontent.com/MotorDynamicsLab/LDOVoron2/8270e8cf6c7ba29a7fd11d143c287bd3af576934/Images/WiringGuide/s06_mapping.svg,s06 mapping,10-wiring.md
docs/manual/assets/ldo/LDOVoron2/Images/WiringGuide/s06_psu.jpg,https://raw.githubusercontent.com/MotorDynamicsLab/LDOVoron2/8270e8cf6c7ba29a7fd11d143c287bd3af576934/Images/WiringGuide/s06_psu.jpg,s06 psu,10-wiring.md
docs/manual/assets/ldo/LDOVoron2/Images/WiringGuide/s07_controller_pwr.jpg,https://raw.githubusercontent.com/MotorDynamicsLab/LDOVoron2/8270e8cf6c7ba29a7fd11d143c287bd3af576934/Images/WiringGuide/s07_controller_pwr.jpg,s07 controller pwr,10-wiring.md
docs/manual/assets/ldo/LDOVoron2/Images/WiringGuide/s08_bed_wiring.jpg,https://raw.githubusercontent.com/MotorDynamicsLab/LDOVoron2/8270e8cf6c7ba29a7fd11d143c287bd3af576934/Images/WiringGuide/s08_bed_wiring.jpg,s08 bed wiring,10-wiring.md
docs/manual/assets/ldo/LDOVoron2/Images/WiringGuide/s08_mapping.png,https://raw.githubusercontent.com/MotorDynamicsLab/LDOVoron2/8270e8cf6c7ba29a7fd11d143c287bd3af576934/Images/WiringGuide/s08_mapping.png,s08 mapping,10-wiring.md
docs/manual/assets/ldo/LDOVoron2/Images/WiringGuide/s08_mapping.svg,https://raw.githubusercontent.com/MotorDynamicsLab/LDOVoron2/8270e8cf6c7ba29a7fd11d143c287bd3af576934/Images/WiringGuide/s08_mapping.svg,s08 mapping,10-wiring.md
docs/manual/assets/ldo/LDOVoron2/Images/WiringGuide/s09_toolhead_cable.jpg,https://raw.githubusercontent.com/MotorDynamicsLab/LDOVoron2/8270e8cf6c7ba29a7fd11d143c287bd3af576934/Images/WiringGuide/s09_toolhead_cable.jpg,s09 toolhead cable,10-wiring.md
docs/manual/assets/ldo/LDOVoron2/Images/WiringGuide/s10_e_motor_th.jpg,https://raw.githubusercontent.com/MotorDynamicsLab/LDOVoron2/8270e8cf6c7ba29a7fd11d143c287bd3af576934/Images/WiringGuide/s10_e_motor_th.jpg,s10 e motor th,10-wiring.md
docs/manual/assets/ldo/LDOVoron2/Images/WiringGuide/s10_mapping.png,https://raw.githubusercontent.com/MotorDynamicsLab/LDOVoron2/8270e8cf6c7ba29a7fd11d143c287bd3af576934/Images/WiringGuide/s10_mapping.png,s10 mapping,10-wiring.md
docs/manual/assets/ldo/LDOVoron2/Images/WiringGuide/s10_mapping.svg,https://raw.githubusercontent.com/MotorDynamicsLab/LDOVoron2/8270e8cf6c7ba29a7fd11d143c287bd3af576934/Images/WiringGuide/s10_mapping.svg,s10 mapping,10-wiring.md
docs/manual/assets/ldo/LDOVoron2/Images/WiringGuide/s11_fan_he.jpg,https://raw.githubusercontent.com/MotorDynamicsLab/LDOVoron2/8270e8cf6c7ba29a7fd11d143c287bd3af576934/Images/WiringGuide/s11_fan_he.jpg,s11 fan he,10-wiring.md
docs/manual/assets/ldo/LDOVoron2/Images/WiringGuide/s12_endstop_probe.jpg,https://raw.githubusercontent.com/MotorDynamicsLab/LDOVoron2/8270e8cf6c7ba29a7fd11d143c287bd3af576934/Images/WiringGuide/s12_endstop_probe.jpg,s12 endstop probe,10-wiring.md
docs/manual/assets/ldo/LDOVoron2/Images/WiringGuide/s12_mapping.png,https://raw.githubusercontent.com/MotorDynamicsLab/LDOVoron2/8270e8cf6c7ba29a7fd11d143c287bd3af576934/Images/WiringGuide/s12_mapping.png,s12 mapping,10-wiring.md
docs/manual/assets/ldo/LDOVoron2/Images/WiringGuide/s12_mapping.svg,https://raw.githubusercontent.com/MotorDynamicsLab/LDOVoron2/8270e8cf6c7ba29a7fd11d143c287bd3af576934/Images/WiringGuide/s12_mapping.svg,s12 mapping,10-wiring.md
docs/manual/assets/ldo/LDOVoron2/Images/WiringGuide/s13_misc.jpg,https://raw.githubusercontent.com/MotorDynamicsLab/LDOVoron2/8270e8cf6c7ba29a7fd11d143c287bd3af576934/Images/WiringGuide/s13_misc.jpg,s13 misc,10-wiring.md
docs/manual/assets/ldo/LDOVoron2/Images/WiringGuide/s14_mapping.png,https://raw.githubusercontent.com/MotorDynamicsLab/LDOVoron2/8270e8cf6c7ba29a7fd11d143c287bd3af576934/Images/WiringGuide/s14_mapping.png,s14 mapping,10-wiring.md
docs/manual/assets/ldo/LDOVoron2/Images/WiringGuide/s14_mapping.svg,https://raw.githubusercontent.com/MotorDynamicsLab/LDOVoron2/8270e8cf6c7ba29a7fd11d143c287bd3af576934/Images/WiringGuide/s14_mapping.svg,s14 mapping,10-wiring.md
docs/manual/assets/ldo/LDOVoron2/Images/WiringGuide/s14_rpi_usb.jpg,https://raw.githubusercontent.com/MotorDynamicsLab/LDOVoron2/8270e8cf6c7ba29a7fd11d143c287bd3af576934/Images/WiringGuide/s14_rpi_usb.jpg,s14 rpi usb,10-wiring.md
docs/manual/assets/ldo/LDOVoron2/Images/WiringGuide/s15_eth_lcd.jpg,https://raw.githubusercontent.com/MotorDynamicsLab/LDOVoron2/8270e8cf6c7ba29a7fd11d143c287bd3af576934/Images/WiringGuide/s15_eth_lcd.jpg,s15 eth lcd,10-wiring.md
docs/manual/assets/ldo/LDOVoron2/Images/WiringGuide/s15_mapping.png,https://raw.githubusercontent.com/MotorDynamicsLab/LDOVoron2/8270e8cf6c7ba29a7fd11d143c287bd3af576934/Images/WiringGuide/s15_mapping.png,s15 mapping,10-wiring.md
docs/manual/assets/ldo/LDOVoron2/Images/WiringGuide/s15_mapping.svg,https://raw.githubusercontent.com/MotorDynamicsLab/LDOVoron2/8270e8cf6c7ba29a7fd11d143c287bd3af576934/Images/WiringGuide/s15_mapping.svg,s15 mapping,10-wiring.md
docs/manual/assets/ldo/LDOVoron2/Images/WiringGuide/s16_duct_cover.jpg,https://raw.githubusercontent.com/MotorDynamicsLab/LDOVoron2/8270e8cf6c7ba29a7fd11d143c287bd3af576934/Images/WiringGuide/s16_duct_cover.jpg,s16 duct cover,10-wiring.md
docs/manual/assets/ldo/LDOVoron2/Images/WiringGuide/toolhead_breakout_pcb_final.jpg,https://raw.githubusercontent.com/MotorDynamicsLab/LDOVoron2/8270e8cf6c7ba29a7fd11d143c287bd3af576934/Images/WiringGuide/toolhead_breakout_pcb_final.jpg,toolhead breakout pcb final,10-wiring.md
docs/manual/assets/ldo/LDOVoron2/Images/WiringGuide/toolhead_octopus_final.jpg,https://raw.githubusercontent.com/MotorDynamicsLab/LDOVoron2/8270e8cf6c7ba29a7fd11d143c287bd3af576934/Images/WiringGuide/toolhead_octopus_final.jpg,toolhead octopus final,10-wiring.md
docs/manual/assets/ldo/LDOVoron2/Images/WiringGuide/uk25_1.png,https://raw.githubusercontent.com/MotorDynamicsLab/LDOVoron2/8270e8cf6c7ba29a7fd11d143c287bd3af576934/Images/WiringGuide/uk25_1.png,uk25 1,10-wiring.md
docs/manual/assets/ldo/LDOVoron2/Images/WiringGuide/uk25_2.png,https://raw.githubusercontent.com/MotorDynamicsLab/LDOVoron2/8270e8cf6c7ba29a7fd11d143c287bd3af576934/Images/WiringGuide/uk25_2.png,uk25 2,10-wiring.md
docs/manual/assets/ldo/LDOVoron2/Images/WiringGuide/uk25_3.png,https://raw.githubusercontent.com/MotorDynamicsLab/LDOVoron2/8270e8cf6c7ba29a7fd11d143c287bd3af576934/Images/WiringGuide/uk25_3.png,uk25 3,10-wiring.md
docs/manual/assets/ldo/LDOVoron2/Images/WiringGuide/uk25_4.png,https://raw.githubusercontent.com/MotorDynamicsLab/LDOVoron2/8270e8cf6c7ba29a7fd11d143c287bd3af576934/Images/WiringGuide/uk25_4.png,uk25 4,10-wiring.md
docs/manual/assets/ldo/LDOVoron2/Images/WiringGuide/uk25_5.png,https://raw.githubusercontent.com/MotorDynamicsLab/LDOVoron2/8270e8cf6c7ba29a7fd11d143c287bd3af576934/Images/WiringGuide/uk25_5.png,uk25 5,10-wiring.md
docs/manual/assets/ldo/LDOVoron2/Images/WiringGuide/uk25_diagrams.svg,https://raw.githubusercontent.com/MotorDynamicsLab/LDOVoron2/8270e8cf6c7ba29a7fd11d143c287bd3af576934/Images/WiringGuide/uk25_diagrams.svg,uk25 diagrams,10-wiring.md
docs/manual/assets/ldo/LDOVoron2/Images/WiringGuide/uk25_terminal_1.jpg,https://raw.githubusercontent.com/MotorDynamicsLab/LDOVoron2/8270e8cf6c7ba29a7fd11d143c287bd3af576934/Images/WiringGuide/uk25_terminal_1.jpg,uk25 terminal 1,10-wiring.md
docs/manual/assets/ldo/LDOVoron2/Images/WiringGuide/uk25_terminal_2.jpg,https://raw.githubusercontent.com/MotorDynamicsLab/LDOVoron2/8270e8cf6c7ba29a7fd11d143c287bd3af576934/Images/WiringGuide/uk25_terminal_2.jpg,uk25 terminal 2,10-wiring.md
docs/manual/assets/ldo/LDOVoron2/Images/WiringGuide/uk25_terminal_3.jpg,https://raw.githubusercontent.com/MotorDynamicsLab/LDOVoron2/8270e8cf6c7ba29a7fd11d143c287bd3af576934/Images/WiringGuide/uk25_terminal_3.jpg,uk25 terminal 3,10-wiring.md
docs/manual/assets/ldo/LDOVoron2/Images/WiringGuide/uk25_terminal_4.jpg,https://raw.githubusercontent.com/MotorDynamicsLab/LDOVoron2/8270e8cf6c7ba29a7fd11d143c287bd3af576934/Images/WiringGuide/uk25_terminal_4.jpg,uk25 terminal 4,10-wiring.md
docs/manual/assets/ldo/LDOVoron2/Images/WiringGuide/uk25_terminal_5.jpg,https://raw.githubusercontent.com/MotorDynamicsLab/LDOVoron2/8270e8cf6c7ba29a7fd11d143c287bd3af576934/Images/WiringGuide/uk25_terminal_5.jpg,uk25 terminal 5,10-wiring.md
docs/manual/assets/ldo/LDOVoron2/Images/WiringGuide/uk25_terminal_6.jpg,https://raw.githubusercontent.com/MotorDynamicsLab/LDOVoron2/8270e8cf6c7ba29a7fd11d143c287bd3af576934/Images/WiringGuide/uk25_terminal_6.jpg,uk25 terminal 6,10-wiring.md
docs/manual/assets/ldo/LDOVoron2/Images/WiringGuide/z_motor_orientation.jpg,https://raw.githubusercontent.com/MotorDynamicsLab/LDOVoron2/8270e8cf6c7ba29a7fd11d143c287bd3af576934/Images/WiringGuide/z_motor_orientation.jpg,z motor orientation,10-wiring.md
docs/manual/assets/ldo/LDOVoron2/Images/WiringGuide/z_motor_orientation2.jpg,https://raw.githubusercontent.com/MotorDynamicsLab/LDOVoron2/8270e8cf6c7ba29a7fd11d143c287bd3af576934/Images/WiringGuide/z_motor_orientation2.jpg,z motor orientation2,10-wiring.md
docs/manual/assets/ldo/LDOVoron2/Images/WiringGuide/z_stop_final.jpg,https://raw.githubusercontent.com/MotorDynamicsLab/LDOVoron2/8270e8cf6c7ba29a7fd11d143c287bd3af576934/Images/WiringGuide/z_stop_final.jpg,z stop final,10-wiring.md
docs/manual/assets/ldo/LDOVoron2/Images/WiringGuide/z_stop_install_1.jpg,https://raw.githubusercontent.com/MotorDynamicsLab/LDOVoron2/8270e8cf6c7ba29a7fd11d143c287bd3af576934/Images/WiringGuide/z_stop_install_1.jpg,z stop install 1,10-wiring.md
docs/manual/assets/ldo/LDOVoron2/Images/WiringGuide/z_stop_install_2.jpg,https://raw.githubusercontent.com/MotorDynamicsLab/LDOVoron2/8270e8cf6c7ba29a7fd11d143c287bd3af576934/Images/WiringGuide/z_stop_install_2.jpg,z stop install 2,10-wiring.md
docs/manual/assets/ldo/LDOVoron2/Images/WiringGuide/z_stop_install_3.jpg,https://raw.githubusercontent.com/MotorDynamicsLab/LDOVoron2/8270e8cf6c7ba29a7fd11d143c287bd3af576934/Images/WiringGuide/z_stop_install_3.jpg,z stop install 3,10-wiring.md
docs/manual/assets/ldo/LDOVoron2/Images/WiringGuide/z_stop_parts.jpg,https://raw.githubusercontent.com/MotorDynamicsLab/LDOVoron2/8270e8cf6c7ba29a7fd11d143c287bd3af576934/Images/WiringGuide/z_stop_parts.jpg,z stop parts,10-wiring.md
docs/manual/assets/ldo/Leviathan/Media/Leviathan V1.3.jpg,https://raw.githubusercontent.com/MotorDynamicsLab/Leviathan/878c3c4893ea353552c957f574509f9890e1e37a/Media/Leviathan%20V1.3.jpg,Leviathan V1.3,09-electronics-bay.md / 12-software.md
docs/manual/assets/ldo/Leviathan/Media/back.jpg,https://raw.githubusercontent.com/MotorDynamicsLab/Leviathan/878c3c4893ea353552c957f574509f9890e1e37a/Media/back.jpg,back,09-electronics-bay.md / 12-software.md
docs/manual/assets/ldo/Leviathan/Media/back_no_heatsink.jpg,https://raw.githubusercontent.com/MotorDynamicsLab/Leviathan/878c3c4893ea353552c957f574509f9890e1e37a/Media/back_no_heatsink.jpg,back no heatsink,09-electronics-bay.md / 12-software.md
docs/manual/assets/ldo/Leviathan/Media/bootloader_led.jpg,https://raw.githubusercontent.com/MotorDynamicsLab/Leviathan/878c3c4893ea353552c957f574509f9890e1e37a/Media/bootloader_led.jpg,bootloader led,09-electronics-bay.md / 12-software.md
docs/manual/assets/ldo/Leviathan/Media/bootloader_led_V1.3.jpg,https://raw.githubusercontent.com/MotorDynamicsLab/Leviathan/878c3c4893ea353552c957f574509f9890e1e37a/Media/bootloader_led_V1.3.jpg,bootloader led V1.3,09-electronics-bay.md / 12-software.md
docs/manual/assets/ldo/Leviathan/Media/box.JPG,https://raw.githubusercontent.com/MotorDynamicsLab/Leviathan/878c3c4893ea353552c957f574509f9890e1e37a/Media/box.JPG,box,09-electronics-bay.md / 12-software.md
docs/manual/assets/ldo/Leviathan/Media/credits.png,https://raw.githubusercontent.com/MotorDynamicsLab/Leviathan/878c3c4893ea353552c957f574509f9890e1e37a/Media/credits.png,credits,09-electronics-bay.md / 12-software.md
docs/manual/assets/ldo/Leviathan/Media/drawing.jpg,https://raw.githubusercontent.com/MotorDynamicsLab/Leviathan/878c3c4893ea353552c957f574509f9890e1e37a/Media/drawing.jpg,drawing,09-electronics-bay.md / 12-software.md
docs/manual/assets/ldo/Leviathan/Media/extensionport.jpg,https://raw.githubusercontent.com/MotorDynamicsLab/Leviathan/878c3c4893ea353552c957f574509f9890e1e37a/Media/extensionport.jpg,extensionport,09-electronics-bay.md / 12-software.md
docs/manual/assets/ldo/Leviathan/Media/front.jpg,https://raw.githubusercontent.com/MotorDynamicsLab/Leviathan/878c3c4893ea353552c957f574509f9890e1e37a/Media/front.jpg,front,09-electronics-bay.md / 12-software.md
docs/manual/assets/ldo/Leviathan/Media/front_no_heatsink.jpg,https://raw.githubusercontent.com/MotorDynamicsLab/Leviathan/878c3c4893ea353552c957f574509f9890e1e37a/Media/front_no_heatsink.jpg,front no heatsink,09-electronics-bay.md / 12-software.md
docs/manual/assets/ldo/Leviathan/Media/frontsw1sw2.jpg,https://raw.githubusercontent.com/MotorDynamicsLab/Leviathan/878c3c4893ea353552c957f574509f9890e1e37a/Media/frontsw1sw2.jpg,frontsw1sw2,09-electronics-bay.md / 12-software.md
docs/manual/assets/ldo/Leviathan/Media/frontsw1sw2_V1.3.jpg,https://raw.githubusercontent.com/MotorDynamicsLab/Leviathan/878c3c4893ea353552c957f574509f9890e1e37a/Media/frontsw1sw2_V1.3.jpg,frontsw1sw2 V1.3,09-electronics-bay.md / 12-software.md
docs/manual/assets/ldo/Leviathan/Media/katapult_klipper_flash.jpg,https://raw.githubusercontent.com/MotorDynamicsLab/Leviathan/878c3c4893ea353552c957f574509f9890e1e37a/Media/katapult_klipper_flash.jpg,katapult klipper flash,09-electronics-bay.md / 12-software.md
docs/manual/assets/ldo/Leviathan/Media/katapult_klipper_flash_UART.jpg,https://raw.githubusercontent.com/MotorDynamicsLab/Leviathan/878c3c4893ea353552c957f574509f9890e1e37a/Media/katapult_klipper_flash_UART.jpg,katapult klipper flash UART,09-electronics-bay.md / 12-software.md
docs/manual/assets/ldo/Leviathan/Media/katapult_klipper_flash_UART_V1.3.jpg,https://raw.githubusercontent.com/MotorDynamicsLab/Leviathan/878c3c4893ea353552c957f574509f9890e1e37a/Media/katapult_klipper_flash_UART_V1.3.jpg,katapult klipper flash UART V1.3,09-electronics-bay.md / 12-software.md
docs/manual/assets/ldo/Leviathan/Media/katapult_klipper_flash_V1.3.png,https://raw.githubusercontent.com/MotorDynamicsLab/Leviathan/878c3c4893ea353552c957f574509f9890e1e37a/Media/katapult_klipper_flash_V1.3.png,katapult klipper flash V1.3,09-electronics-bay.md / 12-software.md
docs/manual/assets/ldo/Leviathan/Media/katapult_uart.jpg,https://raw.githubusercontent.com/MotorDynamicsLab/Leviathan/878c3c4893ea353552c957f574509f9890e1e37a/Media/katapult_uart.jpg,katapult uart,09-electronics-bay.md / 12-software.md
docs/manual/assets/ldo/Leviathan/Media/katapult_uart_V1.3.png,https://raw.githubusercontent.com/MotorDynamicsLab/Leviathan/878c3c4893ea353552c957f574509f9890e1e37a/Media/katapult_uart_V1.3.png,katapult uart V1.3,09-electronics-bay.md / 12-software.md
docs/manual/assets/ldo/Leviathan/Media/katapult_usb.jpg,https://raw.githubusercontent.com/MotorDynamicsLab/Leviathan/878c3c4893ea353552c957f574509f9890e1e37a/Media/katapult_usb.jpg,katapult usb,09-electronics-bay.md / 12-software.md
docs/manual/assets/ldo/Leviathan/Media/katapult_usb_V1.3.jpg,https://raw.githubusercontent.com/MotorDynamicsLab/Leviathan/878c3c4893ea353552c957f574509f9890e1e37a/Media/katapult_usb_V1.3.jpg,katapult usb V1.3,09-electronics-bay.md / 12-software.md
docs/manual/assets/ldo/Leviathan/Media/klipper_can.jpg,https://raw.githubusercontent.com/MotorDynamicsLab/Leviathan/878c3c4893ea353552c957f574509f9890e1e37a/Media/klipper_can.jpg,klipper can,09-electronics-bay.md / 12-software.md
docs/manual/assets/ldo/Leviathan/Media/klipper_can_V1.3.jpg,https://raw.githubusercontent.com/MotorDynamicsLab/Leviathan/878c3c4893ea353552c957f574509f9890e1e37a/Media/klipper_can_V1.3.jpg,klipper can V1.3,09-electronics-bay.md / 12-software.md
docs/manual/assets/ldo/Leviathan/Media/klipper_mcu_test.jpg,https://raw.githubusercontent.com/MotorDynamicsLab/Leviathan/878c3c4893ea353552c957f574509f9890e1e37a/Media/klipper_mcu_test.jpg,klipper mcu test,09-electronics-bay.md / 12-software.md
docs/manual/assets/ldo/Leviathan/Media/klipper_uart.jpg,https://raw.githubusercontent.com/MotorDynamicsLab/Leviathan/878c3c4893ea353552c957f574509f9890e1e37a/Media/klipper_uart.jpg,klipper uart,09-electronics-bay.md / 12-software.md
docs/manual/assets/ldo/Leviathan/Media/klipper_uart_V1.3.jpg,https://raw.githubusercontent.com/MotorDynamicsLab/Leviathan/878c3c4893ea353552c957f574509f9890e1e37a/Media/klipper_uart_V1.3.jpg,klipper uart V1.3,09-electronics-bay.md / 12-software.md
docs/manual/assets/ldo/Leviathan/Media/klipper_usb.jpg,https://raw.githubusercontent.com/MotorDynamicsLab/Leviathan/878c3c4893ea353552c957f574509f9890e1e37a/Media/klipper_usb.jpg,klipper usb,09-electronics-bay.md / 12-software.md
docs/manual/assets/ldo/Leviathan/Media/klipper_usb_V1.3.jpg,https://raw.githubusercontent.com/MotorDynamicsLab/Leviathan/878c3c4893ea353552c957f574509f9890e1e37a/Media/klipper_usb_V1.3.jpg,klipper usb V1.3,09-electronics-bay.md / 12-software.md
docs/manual/assets/ldo/Leviathan/Media/lsusb.jpg,https://raw.githubusercontent.com/MotorDynamicsLab/Leviathan/878c3c4893ea353552c957f574509f9890e1e37a/Media/lsusb.jpg,lsusb,09-electronics-bay.md / 12-software.md
docs/manual/assets/ldo/Leviathan/Media/lsusbkatapult.png,https://raw.githubusercontent.com/MotorDynamicsLab/Leviathan/878c3c4893ea353552c957f574509f9890e1e37a/Media/lsusbkatapult.png,lsusbkatapult,09-electronics-bay.md / 12-software.md
docs/manual/assets/ldo/Leviathan/Media/lsusbkatapult_V1.3.jpg,https://raw.githubusercontent.com/MotorDynamicsLab/Leviathan/878c3c4893ea353552c957f574509f9890e1e37a/Media/lsusbkatapult_V1.3.jpg,lsusbkatapult V1.3,09-electronics-bay.md / 12-software.md
docs/manual/assets/ldo/Leviathan/Media/lsusbklipper.jpg,https://raw.githubusercontent.com/MotorDynamicsLab/Leviathan/878c3c4893ea353552c957f574509f9890e1e37a/Media/lsusbklipper.jpg,lsusbklipper,09-electronics-bay.md / 12-software.md
docs/manual/assets/ldo/Leviathan/Media/lsusbklipper_V1.3.png,https://raw.githubusercontent.com/MotorDynamicsLab/Leviathan/878c3c4893ea353552c957f574509f9890e1e37a/Media/lsusbklipper_V1.3.png,lsusbklipper V1.3,09-electronics-bay.md / 12-software.md
docs/manual/assets/ldo/Leviathan/Media/overview.jpg,https://raw.githubusercontent.com/MotorDynamicsLab/Leviathan/878c3c4893ea353552c957f574509f9890e1e37a/Media/overview.jpg,overview,09-electronics-bay.md / 12-software.md
docs/manual/assets/ldo/Leviathan/Media/perspective_view.jpg,https://raw.githubusercontent.com/MotorDynamicsLab/Leviathan/878c3c4893ea353552c957f574509f9890e1e37a/Media/perspective_view.jpg,perspective view,09-electronics-bay.md / 12-software.md
docs/manual/assets/ldo/Leviathan/Media/pin_assignment.jpg,https://raw.githubusercontent.com/MotorDynamicsLab/Leviathan/878c3c4893ea353552c957f574509f9890e1e37a/Media/pin_assignment.jpg,pin assignment,09-electronics-bay.md / 12-software.md
docs/manual/assets/ldo/Leviathan/Media/product_img_web1.jpg,https://raw.githubusercontent.com/MotorDynamicsLab/Leviathan/878c3c4893ea353552c957f574509f9890e1e37a/Media/product_img_web1.jpg,product img web1,09-electronics-bay.md / 12-software.md
docs/manual/assets/ldo/Leviathan/Media/product_img_web2.jpg,https://raw.githubusercontent.com/MotorDynamicsLab/Leviathan/878c3c4893ea353552c957f574509f9890e1e37a/Media/product_img_web2.jpg,product img web2,09-electronics-bay.md / 12-software.md
docs/manual/assets/ldo/Leviathan/Media/rpi4_installed.jpg,https://raw.githubusercontent.com/MotorDynamicsLab/Leviathan/878c3c4893ea353552c957f574509f9890e1e37a/Media/rpi4_installed.jpg,rpi4 installed,09-electronics-bay.md / 12-software.md
docs/manual/assets/ldo/Leviathan/Media/rpi4_installed_UART_labels.jpg,https://raw.githubusercontent.com/MotorDynamicsLab/Leviathan/878c3c4893ea353552c957f574509f9890e1e37a/Media/rpi4_installed_UART_labels.jpg,rpi4 installed UART labels,09-electronics-bay.md / 12-software.md
docs/manual/assets/ldo/Leviathan/Media/rpi4_installed_V1.3.jpg,https://raw.githubusercontent.com/MotorDynamicsLab/Leviathan/878c3c4893ea353552c957f574509f9890e1e37a/Media/rpi4_installed_V1.3.jpg,rpi4 installed V1.3,09-electronics-bay.md / 12-software.md
docs/manual/assets/ldo/Leviathan/Media/rpi4_usb_installed.jpg,https://raw.githubusercontent.com/MotorDynamicsLab/Leviathan/878c3c4893ea353552c957f574509f9890e1e37a/Media/rpi4_usb_installed.jpg,rpi4 usb installed,09-electronics-bay.md / 12-software.md
docs/manual/assets/ldo/Leviathan/Media/rpi4_usb_installed_V1.3.jpg,https://raw.githubusercontent.com/MotorDynamicsLab/Leviathan/878c3c4893ea353552c957f574509f9890e1e37a/Media/rpi4_usb_installed_V1.3.jpg,rpi4 usb installed V1.3,09-electronics-bay.md / 12-software.md
docs/manual/assets/ldo/Leviathan/Media/rpi4_usb_installed_labels.jpg,https://raw.githubusercontent.com/MotorDynamicsLab/Leviathan/878c3c4893ea353552c957f574509f9890e1e37a/Media/rpi4_usb_installed_labels.jpg,rpi4 usb installed labels,09-electronics-bay.md / 12-software.md
docs/manual/assets/ldo/Leviathan/Media/rpi4_usb_installed_labels_V1.3.jpg,https://raw.githubusercontent.com/MotorDynamicsLab/Leviathan/878c3c4893ea353552c957f574509f9890e1e37a/Media/rpi4_usb_installed_labels_V1.3.jpg,rpi4 usb installed labels V1.3,09-electronics-bay.md / 12-software.md
docs/manual/assets/ldo/Leviathan/Media/rpi5_installed.jpg,https://raw.githubusercontent.com/MotorDynamicsLab/Leviathan/878c3c4893ea353552c957f574509f9890e1e37a/Media/rpi5_installed.jpg,rpi5 installed,09-electronics-bay.md / 12-software.md
docs/manual/assets/ldo/Leviathan/Media/rpi5_installed_V1.3.jpg,https://raw.githubusercontent.com/MotorDynamicsLab/Leviathan/878c3c4893ea353552c957f574509f9890e1e37a/Media/rpi5_installed_V1.3.jpg,rpi5 installed V1.3,09-electronics-bay.md / 12-software.md
docs/manual/assets/ldo/Leviathan/Media/rpimounting.jpg,https://raw.githubusercontent.com/MotorDynamicsLab/Leviathan/878c3c4893ea353552c957f574509f9890e1e37a/Media/rpimounting.jpg,rpimounting,09-electronics-bay.md / 12-software.md
docs/manual/assets/ldo/Leviathan/Media/voltageselection.jpg,https://raw.githubusercontent.com/MotorDynamicsLab/Leviathan/878c3c4893ea353552c957f574509f9890e1e37a/Media/voltageselection.jpg,voltageselection,09-electronics-bay.md / 12-software.md
docs/manual/assets/ldo/Leviathan/Media/voltageselection_V1.3.jpg,https://raw.githubusercontent.com/MotorDynamicsLab/Leviathan/878c3c4893ea353552c957f574509f9890e1e37a/Media/voltageselection_V1.3.jpg,voltageselection V1.3,09-electronics-bay.md / 12-software.md
docs/manual/assets/ldo/Leviathan/Media/wiring.jpg,https://raw.githubusercontent.com/MotorDynamicsLab/Leviathan/878c3c4893ea353552c957f574509f9890e1e37a/Media/wiring.jpg,wiring,10-wiring.md
docs/manual/assets/ldo/Leviathan/Media/wiring_V1.3.jpg,https://raw.githubusercontent.com/MotorDynamicsLab/Leviathan/878c3c4893ea353552c957f574509f9890e1e37a/Media/wiring_V1.3.jpg,wiring V1.3,10-wiring.md
docs/manual/assets/ldo/Nitehawk-SB-V2/Images/block_diagram.jpg,https://raw.githubusercontent.com/MotorDynamicsLab/Nitehawk-SB-V2/42ae497cfd627acde0f6ad81c8dd26f51efcbb48/Images/block_diagram.jpg,block diagram,08-toolhead.md / 10-wiring.md / 12-software.md
docs/manual/assets/ldo/Nitehawk-SB-V2/Images/cable_chain_ties.jpg,https://raw.githubusercontent.com/MotorDynamicsLab/Nitehawk-SB-V2/42ae497cfd627acde0f6ad81c8dd26f51efcbb48/Images/cable_chain_ties.jpg,cable chain ties,10-wiring.md
docs/manual/assets/ldo/Nitehawk-SB-V2/Images/grounding_scheme.jpg,https://raw.githubusercontent.com/MotorDynamicsLab/Nitehawk-SB-V2/42ae497cfd627acde0f6ad81c8dd26f51efcbb48/Images/grounding_scheme.jpg,grounding scheme,08-toolhead.md / 10-wiring.md / 12-software.md
docs/manual/assets/ldo/Nitehawk-SB-V2/Images/katapult_menuconfig.png,https://raw.githubusercontent.com/MotorDynamicsLab/Nitehawk-SB-V2/42ae497cfd627acde0f6ad81c8dd26f51efcbb48/Images/katapult_menuconfig.png,katapult menuconfig,08-toolhead.md / 10-wiring.md / 12-software.md
docs/manual/assets/ldo/Nitehawk-SB-V2/Images/make_menuconfig.png,https://raw.githubusercontent.com/MotorDynamicsLab/Nitehawk-SB-V2/42ae497cfd627acde0f6ad81c8dd26f51efcbb48/Images/make_menuconfig.png,make menuconfig,08-toolhead.md / 10-wiring.md / 12-software.md
docs/manual/assets/ldo/Nitehawk-SB-V2/Images/nhsbv2_pcb_pinout.jpg,https://raw.githubusercontent.com/MotorDynamicsLab/Nitehawk-SB-V2/42ae497cfd627acde0f6ad81c8dd26f51efcbb48/Images/nhsbv2_pcb_pinout.jpg,nhsbv2 pcb pinout,08-toolhead.md / 10-wiring.md / 12-software.md
docs/manual/assets/ldo/Nitehawk-SB-V2/Images/nitehawk-sb_title_img.jpg,https://raw.githubusercontent.com/MotorDynamicsLab/Nitehawk-SB-V2/42ae497cfd627acde0f6ad81c8dd26f51efcbb48/Images/nitehawk-sb_title_img.jpg,nitehawk sb title img,08-toolhead.md / 10-wiring.md / 12-software.md
docs/manual/assets/ldo/Nitehawk-SB-V2/Images/reset_boot_buttons.jpg,https://raw.githubusercontent.com/MotorDynamicsLab/Nitehawk-SB-V2/42ae497cfd627acde0f6ad81c8dd26f51efcbb48/Images/reset_boot_buttons.jpg,reset boot buttons,08-toolhead.md / 10-wiring.md / 12-software.md
docs/manual/assets/ldo/Nitehawk-SB-V2/Images/sbv2_fan_adapter_pcb_pinout.jpg,https://raw.githubusercontent.com/MotorDynamicsLab/Nitehawk-SB-V2/42ae497cfd627acde0f6ad81c8dd26f51efcbb48/Images/sbv2_fan_adapter_pcb_pinout.jpg,sbv2 fan adapter pcb pinout,08-toolhead.md / 10-wiring.md / 12-software.md
docs/manual/assets/ldo/Nitehawk-SB-V2/Images/toolboard_ground_routing.jpg,https://raw.githubusercontent.com/MotorDynamicsLab/Nitehawk-SB-V2/42ae497cfd627acde0f6ad81c8dd26f51efcbb48/Images/toolboard_ground_routing.jpg,toolboard ground routing,08-toolhead.md / 10-wiring.md / 12-software.md
docs/manual/assets/ldo/Nitehawk-SB-V2/Images/usb_adapter_gnd.jpg,https://raw.githubusercontent.com/MotorDynamicsLab/Nitehawk-SB-V2/42ae497cfd627acde0f6ad81c8dd26f51efcbb48/Images/usb_adapter_gnd.jpg,usb adapter gnd,08-toolhead.md / 10-wiring.md / 12-software.md
docs/manual/assets/ldo/docs/en-Toolboard-nitehawk-sb-v2--fan_adapter_v2.0.jpg,https://docs.ldomotors.com/en/Toolboard/nitehawk-sb-v2,en Toolboard nitehawk sb v2  fan adapter v2.0,08-toolhead.md / 10-wiring.md / 12-software.md
docs/manual/assets/ldo/docs/en-Toolboard-nitehawk-sb-v2--nh36_cable_pinout_4.jpg,https://docs.ldomotors.com/en/Toolboard/nitehawk-sb-v2,en Toolboard nitehawk sb v2  nh36 cable pinout 4,08-toolhead.md / 10-wiring.md / 12-software.md
docs/manual/assets/ldo/docs/en-Toolboard-nitehawk-sb-v2--nk36_cable_comparison.jpg,https://docs.ldomotors.com/en/Toolboard/nitehawk-sb-v2,en Toolboard nitehawk sb v2  nk36 cable comparison,08-toolhead.md / 10-wiring.md / 12-software.md
docs/manual/assets/ldo/docs/en-Toolboard-nitehawk-sb-v2--nh36_cable_pinout_3.jpg,https://docs.ldomotors.com/en/Toolboard/nitehawk-sb-v2,en Toolboard nitehawk sb v2  nh36 cable pinout 3,08-toolhead.md / 10-wiring.md / 12-software.md
docs/manual/assets/ldo/docs/en-Toolboard-nitehawk-sb-v2--nk-sb-v2-1.jpg,https://docs.ldomotors.com/en/Toolboard/nitehawk-sb-v2,en Toolboard nitehawk sb v2  nk sb v2 1,08-toolhead.md / 10-wiring.md / 12-software.md
docs/manual/assets/ldo/docs/en-Toolboard-nitehawk-sb-v2--fan_adapter_v2_0.1.jpg,https://docs.ldomotors.com/en/Toolboard/nitehawk-sb-v2,en Toolboard nitehawk sb v2  fan adapter v2 0.1,08-toolhead.md / 10-wiring.md / 12-software.md
docs/manual/assets/ldo/docs/en-guides-XY_Endstop_Cable_Reconnecting_Guide--1-1.jpg,https://docs.ldomotors.com/en/guides/XY_Endstop_Cable_Reconnecting_Guide,en guides XY Endstop Cable Reconnecting Guide  1 1,10-wiring.md
docs/manual/assets/ldo/docs/en-guides-XY_Endstop_Cable_Reconnecting_Guide--1-00.jpg,https://docs.ldomotors.com/en/guides/XY_Endstop_Cable_Reconnecting_Guide,en guides XY Endstop Cable Reconnecting Guide  1 00,10-wiring.md
docs/manual/assets/ldo/docs/en-guides-XY_Endstop_Cable_Reconnecting_Guide--retention_tab.jpg,https://docs.ldomotors.com/en/guides/XY_Endstop_Cable_Reconnecting_Guide,en guides XY Endstop Cable Reconnecting Guide  retention tab,10-wiring.md
docs/manual/assets/ldo/docs/en-guides-XY_Endstop_Cable_Reconnecting_Guide--2-1.jpg,https://docs.ldomotors.com/en/guides/XY_Endstop_Cable_Reconnecting_Guide,en guides XY Endstop Cable Reconnecting Guide  2 1,10-wiring.md
docs/manual/assets/ldo/docs/en-guides-XY_Endstop_Cable_Reconnecting_Guide--1-3.jpg,https://docs.ldomotors.com/en/guides/XY_Endstop_Cable_Reconnecting_Guide,en guides XY Endstop Cable Reconnecting Guide  1 3,10-wiring.md
docs/manual/assets/ldo/docs/en-guides-XY_Endstop_Cable_Reconnecting_Guide--1-5.jpg,https://docs.ldomotors.com/en/guides/XY_Endstop_Cable_Reconnecting_Guide,en guides XY Endstop Cable Reconnecting Guide  1 5,10-wiring.md
docs/manual/assets/ldo/docs/en-guides-XY_Endstop_Cable_Reconnecting_Guide--1-4.jpg,https://docs.ldomotors.com/en/guides/XY_Endstop_Cable_Reconnecting_Guide,en guides XY Endstop Cable Reconnecting Guide  1 4,10-wiring.md
docs/manual/assets/ldo/docs/en-guides-XY_Endstop_Cable_Reconnecting_Guide--1-6.jpg,https://docs.ldomotors.com/en/guides/XY_Endstop_Cable_Reconnecting_Guide,en guides XY Endstop Cable Reconnecting Guide  1 6,10-wiring.md
docs/manual/assets/ldo/docs/en-guides-XY_Endstop_Cable_Reconnecting_Guide--1-7.jpg,https://docs.ldomotors.com/en/guides/XY_Endstop_Cable_Reconnecting_Guide,en guides XY Endstop Cable Reconnecting Guide  1 7,10-wiring.md
docs/manual/assets/ldo/docs/en-guides-XY_Endstop_Cable_Reconnecting_Guide--1-8.jpg,https://docs.ldomotors.com/en/guides/XY_Endstop_Cable_Reconnecting_Guide,en guides XY Endstop Cable Reconnecting Guide  1 8,10-wiring.md
docs/manual/assets/ldo/docs/en-guides-XY_Endstop_Cable_Reconnecting_Guide--2-8a.jpg,https://docs.ldomotors.com/en/guides/XY_Endstop_Cable_Reconnecting_Guide,en guides XY Endstop Cable Reconnecting Guide  2 8a,10-wiring.md
docs/manual/assets/ldo/docs/en-guides-XY_Endstop_Cable_Reconnecting_Guide--incorrect_xy_endstop_cable_1.jpg,https://docs.ldomotors.com/en/guides/XY_Endstop_Cable_Reconnecting_Guide,en guides XY Endstop Cable Reconnecting Guide  incorrect xy endstop cable 1,10-wiring.md
docs/manual/assets/ldo/docs/en-guides-XY_Endstop_Cable_Reconnecting_Guide--2-7.jpg,https://docs.ldomotors.com/en/guides/XY_Endstop_Cable_Reconnecting_Guide,en guides XY Endstop Cable Reconnecting Guide  2 7,10-wiring.md
docs/manual/assets/ldo/docs/en-guides-XY_Endstop_Cable_Reconnecting_Guide--correct_xy_endstop_cable.jpg,https://docs.ldomotors.com/en/guides/XY_Endstop_Cable_Reconnecting_Guide,en guides XY Endstop Cable Reconnecting Guide  correct xy endstop cable,10-wiring.md
docs/manual/assets/ldo/docs/en-guides-btt_43_rotate_guide--0001.jpg,https://docs.ldomotors.com/en/guides/btt_43_rotate_guide,en guides btt 43 rotate guide  0001,TBD
docs/manual/assets/ldo/docs/en-guides-btt_43_rotate_guide--9.jpg,https://docs.ldomotors.com/en/guides/btt_43_rotate_guide,en guides btt 43 rotate guide  9,TBD
docs/manual/assets/ldo/docs/en-guides-btt_43_rotate_guide--7.png,https://docs.ldomotors.com/en/guides/btt_43_rotate_guide,en guides btt 43 rotate guide  7,TBD
docs/manual/assets/ldo/docs/en-guides-btt_43_rotate_guide--8.jpg,https://docs.ldomotors.com/en/guides/btt_43_rotate_guide,en guides btt 43 rotate guide  8,TBD
docs/manual/assets/ldo/docs/en-guides-btt_43_rotate_guide--6.png,https://docs.ldomotors.com/en/guides/btt_43_rotate_guide,en guides btt 43 rotate guide  6,TBD
docs/manual/assets/ldo/docs/en-guides-cable_chain_guide--open_type.jpg,https://docs.ldomotors.com/en/guides/cable_chain_guide,en guides cable chain guide  open type,10-wiring.md
docs/manual/assets/ldo/docs/en-guides-cable_chain_guide--bend_r.jpg,https://docs.ldomotors.com/en/guides/cable_chain_guide,en guides cable chain guide  bend r,10-wiring.md
docs/manual/assets/ldo/docs/en-guides-cable_chain_guide--modified_endlink.jpg,https://docs.ldomotors.com/en/guides/cable_chain_guide,en guides cable chain guide  modified endlink,10-wiring.md
docs/manual/assets/ldo/docs/en-guides-cable_chain_guide--cutting_endlink.jpg,https://docs.ldomotors.com/en/guides/cable_chain_guide,en guides cable chain guide  cutting endlink,10-wiring.md
docs/manual/assets/ldo/docs/en-guides-cable_chain_guide--cable_chain.jpg,https://docs.ldomotors.com/en/guides/cable_chain_guide,en guides cable chain guide  cable chain,10-wiring.md
docs/manual/assets/ldo/docs/en-guides-cable_chain_guide--prying_open.jpg,https://docs.ldomotors.com/en/guides/cable_chain_guide,en guides cable chain guide  prying open,10-wiring.md
docs/manual/assets/ldo/docs/en-voron-voron2-printed_part_guide_rev_d--pcb-spacer.jpg,https://docs.ldomotors.com/en/voron/voron2/printed_part_guide_rev_d,en voron voron2 printed part guide rev d  pcb spacer,docs/manual/print/
docs/manual/assets/ldo/docs/en-voron-voron2-printed_part_guide_rev_d--cw2-offset-chain-anchor.jpg,https://docs.ldomotors.com/en/voron/voron2/printed_part_guide_rev_d,en voron voron2 printed part guide rev d  cw2 offset chain anchor,docs/manual/print/
docs/manual/assets/ldo/docs/en-voron-voron2-printed_part_guide_rev_d--plug_panel1.jpg,https://docs.ldomotors.com/en/voron/voron2/printed_part_guide_rev_d,en voron voron2 printed part guide rev d  plug panel1,docs/manual/print/
docs/manual/assets/ldo/docs/en-voron-voron2-printed_part_guide_rev_d--pcb-din-clip-x3(1).jpg,https://docs.ldomotors.com/en/voron/voron2/printed_part_guide_rev_d,en voron voron2 printed part guide rev d  pcb din clip x3(1),docs/manual/print/
docs/manual/assets/ldo/docs/en-voron-voron2-printed_part_guide_rev_d--handlebar_spacer1.jpg,https://docs.ldomotors.com/en/voron/voron2/printed_part_guide_rev_d,en voron voron2 printed part guide rev d  handlebar spacer1,docs/manual/print/
docs/manual/assets/ldo/docs/en-voron-voron2-printed_part_guide_rev_d--v2.4_wago.jpg,https://docs.ldomotors.com/en/voron/voron2/printed_part_guide_rev_d,en voron voron2 printed part guide rev d  v2.4 wago,docs/manual/print/
docs/manual/assets/ldo/docs/en-voron-voron2-printed_part_guide_rev_d--touch_screen1.jpg,https://docs.ldomotors.com/en/voron/voron2/printed_part_guide_rev_d,en voron voron2 printed part guide rev d  touch screen1,docs/manual/print/
docs/manual/assets/ldo/docs/en-voron-voron2-printed_part_guide_rev_d--insert.jpg,https://docs.ldomotors.com/en/voron/voron2/printed_part_guide_rev_d,en voron voron2 printed part guide rev d  insert,docs/manual/print/
docs/manual/assets/ldo/docs/en-voron-voron2-printed_part_guide_rev_d--led_fan_splitter_spacer1.jpg,https://docs.ldomotors.com/en/voron/voron2/printed_part_guide_rev_d,en voron voron2 printed part guide rev d  led fan splitter spacer1,docs/manual/print/
docs/manual/assets/ldo/docs/en-voron-voron2-printed_part_guide_rev_d--z_belt_cover_.jpg,https://docs.ldomotors.com/en/voron/voron2/printed_part_guide_rev_d,en voron voron2 printed part guide rev d  z belt cover ,docs/manual/print/
docs/manual/assets/ldo/docs/en-voron-voron2-printed_part_guide_rev_d--endstop-pod-d2f-switch.jpg,https://docs.ldomotors.com/en/voron/voron2/printed_part_guide_rev_d,en voron voron2 printed part guide rev d  endstop pod d2f switch,docs/manual/print/
docs/manual/assets/ldo/docs/en-voron-voron2-printed_part_guide_rev_d--nitehawk_adapter_pcb_cover-1.jpg,https://docs.ldomotors.com/en/voron/voron2/printed_part_guide_rev_d,en voron voron2 printed part guide rev d  nitehawk adapter pcb cover 1,docs/manual/print/
docs/manual/assets/ldo/docs/en-voron-voron2-printed_part_guide_rev_d--nitehawk_adapter_pcb_cover-2.jpg,https://docs.ldomotors.com/en/voron/voron2/printed_part_guide_rev_d,en voron voron2 printed part guide rev d  nitehawk adapter pcb cover 2,docs/manual/print/
docs/manual/assets/ldo/docs/en-voron-voron2-printed_part_guide_rev_d--nozzle_probe1.jpg,https://docs.ldomotors.com/en/voron/voron2/printed_part_guide_rev_d,en voron voron2 printed part guide rev d  nozzle probe1,docs/manual/print/
docs/manual/assets/ldo/docs/en-voron-voron2-printed_part_guide_rev_d--wago_mount.jpg,https://docs.ldomotors.com/en/voron/voron2/printed_part_guide_rev_d,en voron voron2 printed part guide rev d  wago mount,docs/manual/print/
docs/manual/assets/ldo/docs/en-voron-voron2-printed_part_guide_rev_d--deck_support_clip.jpg,https://docs.ldomotors.com/en/voron/voron2/printed_part_guide_rev_d,en voron voron2 printed part guide rev d  deck support clip,docs/manual/print/
docs/manual/assets/ldo/docs/en-voron-voron2-printed_part_guide_rev_d--leviathan_bracket_set.jpg,https://docs.ldomotors.com/en/voron/voron2/printed_part_guide_rev_d,en voron voron2 printed part guide rev d  leviathan bracket set,docs/manual/print/
docs/manual/assets/ldo/docs/en-voron-voron2-printed_part_guide_rev_d--z_stopper.jpg,https://docs.ldomotors.com/en/voron/voron2/printed_part_guide_rev_d,en voron voron2 printed part guide rev d  z stopper,docs/manual/print/
docs/manual/assets/ldo/docs/en-voron-voron2-printed_part_guide_rev_d--stealthburner_led_diffuser1.jpg,https://docs.ldomotors.com/en/voron/voron2/printed_part_guide_rev_d,en voron voron2 printed part guide rev d  stealthburner led diffuser1,docs/manual/print/
docs/manual/assets/ldo/docs/en-voron-voron2-printed_part_guide_rev_d--cable_door1.jpg,https://docs.ldomotors.com/en/voron/voron2/printed_part_guide_rev_d,en voron voron2 printed part guide rev d  cable door1,docs/manual/print/
docs/manual/assets/ldo/docs/en-voron-voron2-wiring_guide_rev_d--mapping.jpg,https://docs.ldomotors.com/en/voron/voron2/wiring_guide_rev_d,en voron voron2 wiring guide rev d  mapping,10-wiring.md
docs/manual/assets/ldo/docs/en-voron-voron2-wiring_guide_rev_d--b_motor_cable_wiring.jpg,https://docs.ldomotors.com/en/voron/voron2/wiring_guide_rev_d,en voron voron2 wiring guide rev d  b motor cable wiring,10-wiring.md
docs/manual/assets/ldo/docs/en-voron-voron2-wiring_guide_rev_d--0002.jpg,https://docs.ldomotors.com/en/voron/voron2/wiring_guide_rev_d,en voron voron2 wiring guide rev d  0002,10-wiring.md
docs/manual/assets/ldo/docs/en-voron-voron2-wiring_guide_rev_d--nhsb_pcb_pinout.png,https://docs.ldomotors.com/en/voron/voron2/wiring_guide_rev_d,en voron voron2 wiring guide rev d  nhsb pcb pinout,10-wiring.md
docs/manual/assets/ldo/docs/en-voron-voron2-wiring_guide_rev_d--inlet_layout.png,https://docs.ldomotors.com/en/voron/voron2/wiring_guide_rev_d,en voron voron2 wiring guide rev d  inlet layout,10-wiring.md
docs/manual/assets/ldo/docs/en-voron-voron2-wiring_guide_rev_d--vtd_frame_pe.jpg,https://docs.ldomotors.com/en/voron/voron2/wiring_guide_rev_d,en voron voron2 wiring guide rev d  vtd frame pe,10-wiring.md
docs/manual/assets/ldo/docs/en-voron-voron2-wiring_guide_rev_d--bed_heater_wires_revd.jpg,https://docs.ldomotors.com/en/voron/voron2/wiring_guide_rev_d,en voron voron2 wiring guide rev d  bed heater wires revd,10-wiring.md
docs/manual/assets/ldo/docs/en-voron-voron2-wiring_guide_rev_d--fan_adapter.png,https://docs.ldomotors.com/en/voron/voron2/wiring_guide_rev_d,en voron voron2 wiring guide rev d  fan adapter,10-wiring.md
docs/manual/assets/ldo/docs/guides-heatset_insert_tool_guide--insertinstall.jpg,https://docs.ldomotors.com/guides/heatset_insert_tool_guide,guides heatset insert tool guide  insertinstall,docs/manual/print/
docs/manual/assets/ldo/docs/guides-heatset_insert_tool_guide--tongueflush.jpg,https://docs.ldomotors.com/guides/heatset_insert_tool_guide,guides heatset insert tool guide  tongueflush,docs/manual/print/
docs/manual/assets/ldo/docs/guides-heatset_insert_tool_guide--heatset_dim.png,https://docs.ldomotors.com/guides/heatset_insert_tool_guide,guides heatset insert tool guide  heatset dim,docs/manual/print/
docs/manual/assets/ldo/docs/guides-heatset_insert_tool_guide--heatsettoolcomponents.jpg,https://docs.ldomotors.com/guides/heatset_insert_tool_guide,guides heatset insert tool guide  heatsettoolcomponents,docs/manual/print/
docs/manual/assets/ldo/docs/guides-rail_grease_guide--grease_pack.jpg,https://docs.ldomotors.com/guides/rail_grease_guide,guides rail grease guide  grease pack,docs/manual/print/
docs/manual/assets/ldo/docs/guides-rail_grease_guide--grease_prep.jpg,https://docs.ldomotors.com/guides/rail_grease_guide,guides rail grease guide  grease prep,docs/manual/print/
docs/manual/assets/ldo/docs/guides-rail_grease_guide--soaking_rails3.jpg,https://docs.ldomotors.com/guides/rail_grease_guide,guides rail grease guide  soaking rails3,docs/manual/print/
