stl,batch,colour,png,sheet,pair_png,bbox_mm,volume_cm3
Heatset_Practice.stl,B00,primary,docs/manual/assets/parts/Heatset_Practice.png,docs/manual/assets/parts/sheet-B00.png,,"30.0,30.0,10.0",8.29
MGN12_rail_guide_x2.stl,B00,primary,docs/manual/assets/parts/MGN12_rail_guide_x2.png,docs/manual/assets/parts/sheet-B00.png,,"30.1,25.0,8.0",3.47
MGN9_rail_guide_x2.stl,B00,primary,docs/manual/assets/parts/MGN9_rail_guide_x2.png,docs/manual/assets/parts/sheet-B00.png,,"26.0,20.5,10.0",2.60
Voron_Design_Cube_v7.stl,B00,primary,docs/manual/assets/parts/Voron_Design_Cube_v7.png,docs/manual/assets/parts/sheet-B00.png,,"30.0,30.0,30.0",20.50
pulley_jig.stl,B00,primary,docs/manual/assets/parts/pulley_jig.png,docs/manual/assets/parts/sheet-B00.png,,"47.0,32.2,3.2",2.52
z_drive_retainer_a_x2.stl,B00,primary,docs/manual/assets/parts/z_drive_retainer_a_x2.png,docs/manual/assets/parts/sheet-B00.png,docs/manual/assets/parts/pair-z_drive_retainer_x2.png,"66.7,60.0,16.2",20.00
deck_support_3mm_x8.stl,B01,primary,docs/manual/assets/parts/deck_support_3mm_x8.png,docs/manual/assets/parts/sheet-B01.png,,"20.0,14.5,5.8",1.07
z_drive_main_a_x2.stl,B01,primary,docs/manual/assets/parts/z_drive_main_a_x2.png,docs/manual/assets/parts/sheet-B01.png,docs/manual/assets/parts/pair-z_drive_main_x2.png,"66.7,59.0,26.8",49.03
z_drive_main_b_x2.stl,B01,primary,docs/manual/assets/parts/z_drive_main_b_x2.png,docs/manual/assets/parts/sheet-B01.png,docs/manual/assets/parts/pair-z_drive_main_x2.png,"66.7,59.0,26.8",49.03
z_drive_retainer_b_x2.stl,B01,primary,docs/manual/assets/parts/z_drive_retainer_b_x2.png,docs/manual/assets/parts/sheet-B01.png,docs/manual/assets/parts/pair-z_drive_retainer_x2.png,"66.7,60.0,16.2",20.00
z_motor_mount_a_x2.stl,B01,primary,docs/manual/assets/parts/z_motor_mount_a_x2.png,docs/manual/assets/parts/sheet-B01.png,docs/manual/assets/parts/pair-z_motor_mount_x2.png,"51.0,30.7,42.0",13.96
z_motor_mount_b_x2.stl,B01,primary,docs/manual/assets/parts/z_motor_mount_b_x2.png,docs/manual/assets/parts/sheet-B01.png,docs/manual/assets/parts/pair-z_motor_mount_x2.png,"51.0,30.7,42.0",13.96
z_tensioner_bracket_a_x2.stl,B01,primary,docs/manual/assets/parts/z_tensioner_bracket_a_x2.png,docs/manual/assets/parts/sheet-B01.png,docs/manual/assets/parts/pair-z_tensioner_bracket_x2.png,"52.7,20.0,26.0",16.43
z_tensioner_bracket_b_x2.stl,B01,primary,docs/manual/assets/parts/z_tensioner_bracket_b_x2.png,docs/manual/assets/parts/sheet-B01.png,docs/manual/assets/parts/pair-z_tensioner_bracket_x2.png,"52.7,20.0,26.0",16.43
Handle.stl,B02,primary,docs/manual/assets/parts/Handle.png,docs/manual/assets/parts/sheet-B02.png,,"67.9,18.6,60.0",47.61
XY_cable_chain_bridge-Igus-3mm_backer.stl,B02,primary,docs/manual/assets/parts/XY_cable_chain_bridge-Igus-3mm_backer.png,docs/manual/assets/parts/sheet-B02.png,,"21.0,66.1,44.0",8.50
[a]_belt_guard_a_x2.stl,B02,accent,docs/manual/assets/parts/[a]_belt_guard_a_x2.png,docs/manual/assets/parts/sheet-B02.png,docs/manual/assets/parts/pair-belt_guard_x2.png,"45.6,42.0,8.2",4.93
[a]_belt_guard_b_x2.stl,B02,accent,docs/manual/assets/parts/[a]_belt_guard_b_x2.png,docs/manual/assets/parts/sheet-B02.png,docs/manual/assets/parts/pair-belt_guard_x2.png,"45.6,42.0,8.2",4.93
[a]_belt_tensioner_a_x2.stl,B02,accent,docs/manual/assets/parts/[a]_belt_tensioner_a_x2.png,docs/manual/assets/parts/sheet-B02.png,docs/manual/assets/parts/pair-belt_tensioner_x2.png,"35.7,20.0,8.8",1.78
[a]_belt_tensioner_b_x2.stl,B02,accent,docs/manual/assets/parts/[a]_belt_tensioner_b_x2.png,docs/manual/assets/parts/sheet-B02.png,docs/manual/assets/parts/pair-belt_tensioner_x2.png,"35.7,20.0,8.8",1.78
[a]_cable_cover.stl,B02,accent,docs/manual/assets/parts/[a]_cable_cover.png,docs/manual/assets/parts/sheet-B02.png,,"81.5,43.5,34.0",7.22
[a]_endstop_pod_D2F_switch.stl,B02,accent,docs/manual/assets/parts/[a]_endstop_pod_D2F_switch.png,docs/manual/assets/parts/sheet-B02.png,,"31.4,58.0,14.0",9.12
[a]_faceplate.stl,B02,accent,docs/manual/assets/parts/[a]_faceplate.png,docs/manual/assets/parts/sheet-B02.png,,"111.4,71.2,17.1",5.99
[a]_fan_grill_a_x2.stl,B02,accent,docs/manual/assets/parts/[a]_fan_grill_a_x2.png,docs/manual/assets/parts/sheet-B02.png,docs/manual/assets/parts/pair-fan_grill_x2.png,"60.0,60.0,3.2",5.31
[a]_fan_grill_b_x2.stl,B02,accent,docs/manual/assets/parts/[a]_fan_grill_b_x2.png,docs/manual/assets/parts/sheet-B02.png,docs/manual/assets/parts/pair-fan_grill_x2.png,"60.0,60.0,3.2",5.31
[a]_fan_grill_retainer_x2.stl,B02,accent,docs/manual/assets/parts/[a]_fan_grill_retainer_x2.png,docs/manual/assets/parts/sheet-B02.png,,"60.0,60.0,5.0",3.83
[a]_guidler_a.stl,B02,accent,docs/manual/assets/parts/[a]_guidler_a.png,docs/manual/assets/parts/sheet-B02.png,docs/manual/assets/parts/pair-guidler.png,"19.5,45.0,16.2",3.37
[a]_guidler_b.stl,B02,accent,docs/manual/assets/parts/[a]_guidler_b.png,docs/manual/assets/parts/sheet-B02.png,docs/manual/assets/parts/pair-guidler.png,"19.2,31.4,10.8",1.92
[a]_keystone_blank_insert.stl,B02,accent,docs/manual/assets/parts/[a]_keystone_blank_insert.png,docs/manual/assets/parts/sheet-B02.png,,"22.8,15.0,14.7",2.25
[a]_latch.stl,B02,accent,docs/manual/assets/parts/[a]_latch.png,docs/manual/assets/parts/sheet-B02.png,,"22.0,42.3,10.4",3.24
[a]_latch_shuttle.stl,B02,accent,docs/manual/assets/parts/[a]_latch_shuttle.png,docs/manual/assets/parts/sheet-B02.png,,"23.6,12.5,10.4",1.52
[a]_pcb_spacer.stl,B02,accent,docs/manual/assets/parts/[a]_pcb_spacer.png,docs/manual/assets/parts/sheet-B02.png,,"18.8,18.0,3.8",0.31
[a]_stealthburner_main_body.stl,B02,accent,docs/manual/assets/parts/[a]_stealthburner_main_body.png,docs/manual/assets/parts/sheet-B02.png,,"65.1,126.8,31.8",42.22
[a]_tensioner_left.stl,B02,accent,docs/manual/assets/parts/[a]_tensioner_left.png,docs/manual/assets/parts/sheet-B02.png,docs/manual/assets/parts/pair-tensioner.png,"45.0,25.0,18.0",8.21
[a]_tensioner_right.stl,B02,accent,docs/manual/assets/parts/[a]_tensioner_right.png,docs/manual/assets/parts/sheet-B02.png,docs/manual/assets/parts/pair-tensioner.png,"25.0,45.0,18.0",8.21
[a]_xy_joint_cable_bridge_2hole.stl,B02,accent,docs/manual/assets/parts/[a]_xy_joint_cable_bridge_2hole.png,docs/manual/assets/parts/sheet-B02.png,,"41.0,66.1,21.0",8.48
[a]_z_belt_clip_lower_x4.stl,B02,accent,docs/manual/assets/parts/[a]_z_belt_clip_lower_x4.png,docs/manual/assets/parts/sheet-B02.png,,"25.0,20.0,5.6",2.44
[a]_z_belt_clip_upper_x4.stl,B02,accent,docs/manual/assets/parts/[a]_z_belt_clip_upper_x4.png,docs/manual/assets/parts/sheet-B02.png,,"28.0,20.0,5.2",2.44
[a]_z_chain_retainer_bracket_x2.stl,B02,accent,docs/manual/assets/parts/[a]_z_chain_retainer_bracket_x2.png,docs/manual/assets/parts/sheet-B02.png,,"8.5,17.1,5.0",0.53
[a]_z_drive_baseplate_a_x2.stl,B02,accent,docs/manual/assets/parts/[a]_z_drive_baseplate_a_x2.png,docs/manual/assets/parts/sheet-B02.png,docs/manual/assets/parts/pair-z_drive_baseplate_x2.png,"44.0,43.0,10.0",12.28
[a]_z_drive_baseplate_b_x2.stl,B02,accent,docs/manual/assets/parts/[a]_z_drive_baseplate_b_x2.png,docs/manual/assets/parts/sheet-B02.png,docs/manual/assets/parts/pair-z_drive_baseplate_x2.png,"44.0,43.0,10.0",12.28
[a]_z_tensioner_9mm_x4.stl,B02,accent,docs/manual/assets/parts/[a]_z_tensioner_9mm_x4.png,docs/manual/assets/parts/sheet-B02.png,,"30.0,36.0,18.0",9.37
ldo_bestagon_insert.stl,B02,primary,docs/manual/assets/parts/ldo_bestagon_insert.png,docs/manual/assets/parts/sheet-B02.png,,"26.5,24.0,9.0",3.59
a_drive_frame_lower.stl,B03,primary,docs/manual/assets/parts/a_drive_frame_lower.png,docs/manual/assets/parts/sheet-B03.png,docs/manual/assets/parts/pair-a_drive_frame_lower.png,"53.0,116.0,17.0",25.17
a_drive_frame_upper.stl,B03,primary,docs/manual/assets/parts/a_drive_frame_upper.png,docs/manual/assets/parts/sheet-B03.png,docs/manual/assets/parts/pair-a_drive_frame_upper.png,"56.0,116.0,15.0",24.05
b_drive_frame_lower.stl,B03,primary,docs/manual/assets/parts/b_drive_frame_lower.png,docs/manual/assets/parts/sheet-B03.png,docs/manual/assets/parts/pair-a_drive_frame_lower.png,"53.0,116.0,17.0",23.24
b_drive_frame_upper.stl,B03,primary,docs/manual/assets/parts/b_drive_frame_upper.png,docs/manual/assets/parts/sheet-B03.png,docs/manual/assets/parts/pair-a_drive_frame_upper.png,"56.0,116.0,15.0",24.02
front_idler_left_lower.stl,B03,primary,docs/manual/assets/parts/front_idler_left_lower.png,docs/manual/assets/parts/sheet-B03.png,docs/manual/assets/parts/pair-front_idler_lower.png,"49.5,46.0,11.6",7.92
front_idler_left_upper.stl,B03,primary,docs/manual/assets/parts/front_idler_left_upper.png,docs/manual/assets/parts/sheet-B03.png,docs/manual/assets/parts/pair-front_idler_upper.png,"46.2,53.2,21.6",16.64
front_idler_right_lower.stl,B03,primary,docs/manual/assets/parts/front_idler_right_lower.png,docs/manual/assets/parts/sheet-B03.png,docs/manual/assets/parts/pair-front_idler_lower.png,"49.5,46.0,21.6",16.34
front_idler_right_upper.stl,B03,primary,docs/manual/assets/parts/front_idler_right_upper.png,docs/manual/assets/parts/sheet-B03.png,docs/manual/assets/parts/pair-front_idler_upper.png,"52.5,46.0,12.0",8.20
probe_retainer_bracket.stl,B04,primary,docs/manual/assets/parts/probe_retainer_bracket.png,docs/manual/assets/parts/sheet-B04.png,,"8.2,18.7,4.0",0.43
x_frame_V2TR_MGN12_left.stl,B04,primary,docs/manual/assets/parts/x_frame_V2TR_MGN12_left.png,docs/manual/assets/parts/sheet-B04.png,docs/manual/assets/parts/pair-x_frame_V2TR_MGN12.png,"32.4,68.8,21.6",20.36
x_frame_V2TR_MGN12_right.stl,B04,primary,docs/manual/assets/parts/x_frame_V2TR_MGN12_right.png,docs/manual/assets/parts/sheet-B04.png,docs/manual/assets/parts/pair-x_frame_V2TR_MGN12.png,"32.4,68.8,21.6",19.95
xy_joint_left_lower_MGN12.stl,B04,primary,docs/manual/assets/parts/xy_joint_left_lower_MGN12.png,docs/manual/assets/parts/sheet-B04.png,docs/manual/assets/parts/pair-xy_joint_lower_MGN12.png,"55.3,48.0,34.0",44.40
xy_joint_left_upper_MGN12.stl,B04,primary,docs/manual/assets/parts/xy_joint_left_upper_MGN12.png,docs/manual/assets/parts/sheet-B04.png,docs/manual/assets/parts/pair-xy_joint_upper_MGN12.png,"51.5,48.0,16.0",13.23
xy_joint_right_lower_MGN12.stl,B04,primary,docs/manual/assets/parts/xy_joint_right_lower_MGN12.png,docs/manual/assets/parts/sheet-B04.png,docs/manual/assets/parts/pair-xy_joint_lower_MGN12.png,"55.3,48.0,34.0",43.95
xy_joint_right_upper_MGN12.stl,B04,primary,docs/manual/assets/parts/xy_joint_right_upper_MGN12.png,docs/manual/assets/parts/sheet-B04.png,docs/manual/assets/parts/pair-xy_joint_upper_MGN12.png,"51.5,48.0,16.0",12.71
z_chain_bottom_anchor.stl,B05,primary,docs/manual/assets/parts/z_chain_bottom_anchor.png,docs/manual/assets/parts/sheet-B05.png,,"44.2,40.8,15.0",10.28
z_chain_guide.stl,B05,primary,docs/manual/assets/parts/z_chain_guide.png,docs/manual/assets/parts/sheet-B05.png,,"30.0,20.0,21.0",6.38
z_joint_lower_x4.stl,B05,primary,docs/manual/assets/parts/z_joint_lower_x4.png,docs/manual/assets/parts/sheet-B05.png,,"20.5,30.4,24.0",10.78
z_joint_upper_x4.stl,B05,primary,docs/manual/assets/parts/z_joint_upper_x4.png,docs/manual/assets/parts/sheet-B05.png,,"20.0,25.0,20.3",7.37
z_rail_stop_x4.stl,B05,primary,docs/manual/assets/parts/z_rail_stop_x4.png,docs/manual/assets/parts/sheet-B05.png,,"16.0,9.2,22.0",1.28
Dock_mount_fixed_v2.stl,B06,primary,docs/manual/assets/parts/Dock_mount_fixed_v2.png,docs/manual/assets/parts/sheet-B06.png,,"66.7,52.3,36.3",28.95
KlickyProbe_AB_mount_v2.stl,B06,primary,docs/manual/assets/parts/KlickyProbe_AB_mount_v2.png,docs/manual/assets/parts/sheet-B06.png,,"19.2,27.0,29.4",3.99
KlickyProbe_AB_mount_v2_holder.stl,B06,primary,docs/manual/assets/parts/KlickyProbe_AB_mount_v2_holder.png,docs/manual/assets/parts/sheet-B06.png,,"12.3,18.8,7.8",1.54
KlickyProbe_v2.stl,B06,primary,docs/manual/assets/parts/KlickyProbe_v2.png,docs/manual/assets/parts/sheet-B06.png,,"27.0,17.2,10.7",2.29
Mount_magnet_holder.stl,B06,primary,docs/manual/assets/parts/Mount_magnet_holder.png,docs/manual/assets/parts/sheet-B06.png,,"30.4,20.6,5.5",2.07
Mount_magnet_pressfit_helper.stl,B06,primary,docs/manual/assets/parts/Mount_magnet_pressfit_helper.png,docs/manual/assets/parts/sheet-B06.png,,"31.4,21.1,6.0",1.44
Mount_pressfit_holder_v2.stl,B06,primary,docs/manual/assets/parts/Mount_pressfit_holder_v2.png,docs/manual/assets/parts/sheet-B06.png,,"17.7,25.0,28.0",5.95
Probe_Dock_v2.1.stl,B06,primary,docs/manual/assets/parts/Probe_Dock_v2.1.png,docs/manual/assets/parts/sheet-B06.png,,"36.3,17.0,10.5",2.81
Probe_magnet_holder.stl,B06,primary,docs/manual/assets/parts/Probe_magnet_holder.png,docs/manual/assets/parts/sheet-B06.png,,"30.4,20.6,5.5",2.07
Probe_magnet_pressfit_helper.stl,B06,primary,docs/manual/assets/parts/Probe_magnet_pressfit_helper.png,docs/manual/assets/parts/sheet-B06.png,,"31.4,21.1,6.0",1.43
Probe_pressfit_holder.stl,B06,primary,docs/manual/assets/parts/Probe_pressfit_holder.png,docs/manual/assets/parts/sheet-B06.png,,"30.0,18.9,14.0",4.96
[o]_stealthburner_LED_carrier.stl,B06,opaque,docs/manual/assets/parts/[o]_stealthburner_LED_carrier.png,docs/manual/assets/parts/sheet-B06.png,,"19.3,14.4,7.0",0.85
[o]_stealthburner_LED_diffuser_mask.stl,B06,opaque,docs/manual/assets/parts/[o]_stealthburner_LED_diffuser_mask.png,docs/manual/assets/parts/sheet-B06.png,,"15.7,13.4,4.8",0.28
cw2_captive_pcb_cover.stl,B06,primary,docs/manual/assets/parts/cw2_captive_pcb_cover.png,docs/manual/assets/parts/sheet-B06.png,,"49.5,73.8,42.2",9.91
main_body.stl,B06,primary,docs/manual/assets/parts/main_body.png,docs/manual/assets/parts/sheet-B06.png,,"62.8,68.7,24.7",24.25
motor_plate.stl,B06,primary,docs/manual/assets/parts/motor_plate.png,docs/manual/assets/parts/sheet-B06.png,,"53.7,73.6,8.2",15.84
stealthburner_printhead_revo_voron_front.stl,B06,primary,docs/manual/assets/parts/stealthburner_printhead_revo_voron_front.png,docs/manual/assets/parts/sheet-B06.png,,"71.1,59.1,27.4",43.16
stealthburner_printhead_revo_voron_rear_cw2.stl,B06,primary,docs/manual/assets/parts/stealthburner_printhead_revo_voron_rear_cw2.png,docs/manual/assets/parts/sheet-B06.png,,"57.7,59.7,26.3",14.16
PSU_stabilizer_50mm.stl,B07,primary,docs/manual/assets/parts/PSU_stabilizer_50mm.png,docs/manual/assets/parts/sheet-B07.png,,"56.9,45.7,15.0",3.73
cob_light_strip_mount_100mm.stl,B07,primary,docs/manual/assets/parts/cob_light_strip_mount_100mm.png,docs/manual/assets/parts/sheet-B07.png,,"45.4,100.0,9.9",21.36
cob_light_strip_mount_50mm.stl,B07,primary,docs/manual/assets/parts/cob_light_strip_mount_50mm.png,docs/manual/assets/parts/sheet-B07.png,,"45.4,50.0,9.9",10.09
handlebar_spacer_x4.stl,B07,primary,docs/manual/assets/parts/handlebar_spacer_x4.png,docs/manual/assets/parts/sheet-B07.png,,"39.0,12.5,9.4",1.93
lrs_200_psu_bracket_x2.stl,B07,primary,docs/manual/assets/parts/lrs_200_psu_bracket_x2.png,docs/manual/assets/parts/sheet-B07.png,,"65.0,19.6,14.0",7.41
pcb_din_clip_x3.stl,B07,primary,docs/manual/assets/parts/pcb_din_clip_x3.png,docs/manual/assets/parts/sheet-B07.png,,"17.6,62.0,10.0",5.41
power_inlet_IECGS_1mm.stl,B07,primary,docs/manual/assets/parts/power_inlet_IECGS_1mm.png,docs/manual/assets/parts/sheet-B07.png,,"118.0,66.8,20.0",43.59
usb_adapter_mount.stl,B07,primary,docs/manual/assets/parts/usb_adapter_mount.png,docs/manual/assets/parts/sheet-B07.png,,"67.2,65.6,8.6",8.50
usb_adapter_mount_partial_cover.stl,B07,primary,docs/manual/assets/parts/usb_adapter_mount_partial_cover.png,docs/manual/assets/parts/sheet-B07.png,,"71.2,55.8,8.6",7.91
wago_221-415_mount_3by5.stl,B07,primary,docs/manual/assets/parts/wago_221-415_mount_3by5.png,docs/manual/assets/parts/sheet-B07.png,,"126.8,23.0,12.2",9.60
front_skirt_a_350.stl,B08,primary,docs/manual/assets/parts/front_skirt_a_350.png,docs/manual/assets/parts/sheet-B08.png,,"150.5,67.0,20.0",42.46
front_skirt_b_350.stl,B08,primary,docs/manual/assets/parts/front_skirt_b_350.png,docs/manual/assets/parts/sheet-B08.png,,"150.5,67.0,20.0",42.46
keystone_panel.stl,B08,primary,docs/manual/assets/parts/keystone_panel.png,docs/manual/assets/parts/sheet-B08.png,,"118.0,66.8,20.0",45.65
mount.stl,B08,primary,docs/manual/assets/parts/mount.png,docs/manual/assets/parts/sheet-B08.png,,"117.0,67.0,44.8",29.63
rear_center_skirt_350.stl,B08,primary,docs/manual/assets/parts/rear_center_skirt_350.png,docs/manual/assets/parts/sheet-B08.png,,"182.0,66.8,20.0",87.13
side_fan_support_x2.STL,B08,primary,docs/manual/assets/parts/side_fan_support_x2.png,docs/manual/assets/parts/sheet-B08.png,,"72.0,180.0,20.0",34.40
side_skirt_a_350_x2.stl,B08,primary,docs/manual/assets/parts/side_skirt_a_350_x2.png,docs/manual/assets/parts/sheet-B08.png,,"67.0,119.0,20.0",35.76
side_skirt_b_350_x2.stl,B08,primary,docs/manual/assets/parts/side_skirt_b_350_x2.png,docs/manual/assets/parts/sheet-B08.png,,"67.0,119.0,20.0",35.76
Regular_Cartridge(contributed_by_Bucknova).3mf,B09,primary,docs/manual/assets/parts/Regular_Cartridge(contributed_by_Bucknova).png,docs/manual/assets/parts/sheet-B09.png,,"130.0,71.6,20.5",39.03
Regular_Cartridge_Lid(contributed_by_Bucknova).3mf,B09,primary,docs/manual/assets/parts/Regular_Cartridge_Lid(contributed_by_Bucknova).png,docs/manual/assets/parts/sheet-B09.png,,"122.0,51.2,1.8",7.64
V2_Duo_Plenum.stl,B09,primary,docs/manual/assets/parts/V2_Duo_Plenum.png,docs/manual/assets/parts/sheet-B09.png,,"130.0,68.6,20.6",45.58
V2_Duo_Plenum_LID.stl,B09,primary,docs/manual/assets/parts/V2_Duo_Plenum_LID.png,docs/manual/assets/parts/sheet-B09.png,,"122.8,68.5,2.8",11.12
bottom_panel_clip_x4.stl,B09,primary,docs/manual/assets/parts/bottom_panel_clip_x4.png,docs/manual/assets/parts/sheet-B09.png,,"30.0,31.7,6.0",3.14
bottom_panel_hinge_x2.stl,B09,primary,docs/manual/assets/parts/bottom_panel_hinge_x2.png,docs/manual/assets/parts/sheet-B09.png,,"40.0,31.5,6.0",3.90
bowden_retainer.stl,B09,primary,docs/manual/assets/parts/bowden_retainer.png,docs/manual/assets/parts/sheet-B09.png,,"47.5,24.0,10.0",5.51
corner_panel_clip_4mm_x8.stl,B09,primary,docs/manual/assets/parts/corner_panel_clip_4mm_x8.png,docs/manual/assets/parts/sheet-B09.png,,"35.0,35.0,7.0",2.75
corner_panel_clip_6mm_x8.stl,B09,primary,docs/manual/assets/parts/corner_panel_clip_6mm_x8.png,docs/manual/assets/parts/sheet-B09.png,,"35.0,35.0,10.0",4.08
exhaust_cover.stl,B09,primary,docs/manual/assets/parts/exhaust_cover.png,docs/manual/assets/parts/sheet-B09.png,,"158.4,61.6,10.0",35.79
exhaust_filter_grill.stl,B09,primary,docs/manual/assets/parts/exhaust_filter_grill.png,docs/manual/assets/parts/sheet-B09.png,,"37.6,154.8,5.6",8.94
midspan_panel_clip_4mm_x7.stl,B09,primary,docs/manual/assets/parts/midspan_panel_clip_4mm_x7.png,docs/manual/assets/parts/sheet-B09.png,,"35.0,20.0,7.0",1.80
midspan_panel_clip_6mm_x8.stl,B09,primary,docs/manual/assets/parts/midspan_panel_clip_6mm_x8.png,docs/manual/assets/parts/sheet-B09.png,,"35.0,20.0,10.0",2.65
spool_holder.stl,B09,primary,docs/manual/assets/parts/spool_holder.png,docs/manual/assets/parts/sheet-B09.png,,"98.0,45.4,13.0",17.82
z_belt_cover_a_x2.stl,B09,primary,docs/manual/assets/parts/z_belt_cover_a_x2.png,docs/manual/assets/parts/sheet-B09.png,docs/manual/assets/parts/pair-z_belt_cover_x2.png,"45.0,61.0,6.6",6.28
z_belt_cover_b_x2.stl,B09,primary,docs/manual/assets/parts/z_belt_cover_b_x2.png,docs/manual/assets/parts/sheet-B09.png,docs/manual/assets/parts/pair-z_belt_cover_x2.png,"45.0,61.0,6.6",6.28
Handle-Hinge_Bottom.stl,B10,primary,docs/manual/assets/parts/Handle-Hinge_Bottom.png,docs/manual/assets/parts/sheet-B10.png,,"69.3,20.6,29.0",24.01
Handle-Hinge_Top.stl,B10,primary,docs/manual/assets/parts/Handle-Hinge_Top.png,docs/manual/assets/parts/sheet-B10.png,,"70.6,21.1,29.0",24.01
Hinge-L-sleeve-2X.stl,B10,primary,docs/manual/assets/parts/Hinge-L-sleeve-2X.png,docs/manual/assets/parts/sheet-B10.png,,"20.9,19.5,55.0",10.43
Hinge-L-solid-2X.stl,B10,primary,docs/manual/assets/parts/Hinge-L-solid-2X.png,docs/manual/assets/parts/sheet-B10.png,,"20.9,19.5,55.0",10.67
Latch.stl,B10,primary,docs/manual/assets/parts/Latch.png,docs/manual/assets/parts/sheet-B10.png,,"25.9,14.6,58.0",8.55
Panel_Clip.stl,B10,primary,docs/manual/assets/parts/Panel_Clip.png,docs/manual/assets/parts/sheet-B10.png,,"19.4,18.4,3.0",0.80
